Datetime,Price (INR)
2022-10-12 00:00:00,1568203.1202247478
2022-10-12 01:00:00,1571877.4009658925
2022-10-12 02:00:00,1567742.2981470881
2022-10-12 03:00:00,1568399.71613296
2022-10-12 04:00:00,1568196.1759078985
2022-10-12 05:00:00,1570057.627622102
2022-10-12 06:00:00,1572212.0286627386
2022-10-12 07:00:00,1575027.5556041838
2022-10-12 08:00:00,1572671.6547606273
2022-10-12 09:00:00,1574357.0285642527
2022-10-12 10:00:00,1578451.557073877
2022-10-12 11:00:00,1576185.2189165354
2022-10-12 12:00:00,1575215.6452088375
2022-10-12 13:00:00,1570165.6507119874
2022-10-12 14:00:00,1574567.896893634
2022-10-12 15:00:00,1570958.8540080173
2022-10-12 16:00:00,1573257.039216255
2022-10-12 17:00:00,1571665.915909222
2022-10-12 18:00:00,1568768.3311481783
2022-10-12 19:00:00,1572159.9028029826
2022-10-12 20:00:00,1573485.5270317884
2022-10-12 21:00:00,1573635.4001889643
2022-10-12 22:00:00,1576951.55292812
2022-10-12 23:00:00,1575734.8540197806
2022-10-13 00:00:00,1574372.569637001
2022-10-13 01:00:00,1573514.7352413426
2022-10-13 02:00:00,1571329.0085714874
2022-10-13 03:00:00,1568682.3325859539
2022-10-13 04:00:00,1570368.5323624513
2022-10-13 05:00:00,1571407.6031631026
2022-10-13 06:00:00,1572865.5166256977
2022-10-13 07:00:00,1569474.6491667563
2022-10-13 08:00:00,1564997.7376234017
2022-10-13 09:00:00,1566248.811891094
2022-10-13 10:00:00,1562728.3401453057
2022-10-13 11:00:00,1536683.3270446365
2022-10-13 12:00:00,1539684.7537720357
2022-10-13 13:00:00,1518847.1762902292
2022-10-13 14:00:00,1522120.1592822107
2022-10-13 15:00:00,1528639.516844482
2022-10-13 16:00:00,1562101.606545039
2022-10-13 17:00:00,1573376.1979695223
2022-10-13 18:00:00,1574898.9592115406
2022-10-13 19:00:00,1589114.1390105044
2022-10-13 20:00:00,1592920.2214326267
2022-10-13 21:00:00,1594562.0864739292
2022-10-13 22:00:00,1595930.9407043143
2022-10-13 23:00:00,1595881.9615956042
2022-10-14 00:00:00,1593501.1882711183
2022-10-14 01:00:00,1597776.6827435857
2022-10-14 02:00:00,1633470.2751800125
2022-10-14 03:00:00,1628655.3608899817
2022-10-14 04:00:00,1630077.1945239557
2022-10-14 05:00:00,1631551.0165438515
2022-10-14 06:00:00,1632882.9168954985
2022-10-14 07:00:00,1631538.2071313914
2022-10-14 08:00:00,1618721.739006566
2022-10-14 09:00:00,1615908.37258505
2022-10-14 10:00:00,1616891.9446240922
2022-10-14 11:00:00,1618441.4065988658
2022-10-14 12:00:00,1615089.3187775302
2022-10-14 13:00:00,1626536.38597252
2022-10-14 14:00:00,1615825.7848746353
2022-10-14 15:00:00,1601403.9808233937
2022-10-14 16:00:00,1594621.615281965
2022-10-14 17:00:00,1591192.5159481685
2022-10-14 18:00:00,1594012.1569565877
2022-10-14 19:00:00,1581432.7368897344
2022-10-14 20:00:00,1584354.6999610437
2022-10-14 21:00:00,1581215.043608838
2022-10-14 22:00:00,1575925.0563961589
2022-10-14 23:00:00,1578963.53049489
2022-10-15 00:00:00,1582246.1091635728
2022-10-15 01:00:00,1581977.1216153568
2022-10-15 02:00:00,1581481.0595360463
2022-10-15 03:00:00,1581992.3420463137
2022-10-15 04:00:00,1583042.6984216783
2022-10-15 05:00:00,1581802.8821537315
2022-10-15 06:00:00,1580602.5657453202
2022-10-15 07:00:00,1580148.4014519188
2022-10-15 08:00:00,1579521.1314328406
2022-10-15 09:00:00,1574954.9622084582
2022-10-15 10:00:00,1575054.5975219684
2022-10-15 11:00:00,1578481.9507410277
2022-10-15 12:00:00,1578987.967154045
2022-10-15 13:00:00,1581260.9142936391
2022-10-15 14:00:00,1576597.309709641
2022-10-15 15:00:00,1578360.9426607303
2022-10-15 16:00:00,1577219.183221356
2022-10-15 17:00:00,1576976.9789086508
2022-10-15 18:00:00,1575223.2946141243
2022-10-15 19:00:00,1576769.241394039
2022-10-15 20:00:00,1574568.5731872506
2022-10-15 21:00:00,1574057.1570261174
2022-10-15 22:00:00,1572364.8816784825
2022-10-15 23:00:00,1572146.5392101684
2022-10-16 00:00:00,1572200.76780402
2022-10-16 01:00:00,1576633.2665551056
2022-10-16 02:00:00,1578534.698079781
2022-10-16 03:00:00,1576081.7602390428
2022-10-16 04:00:00,1576355.759734356
2022-10-16 05:00:00,1577972.8206984503
2022-10-16 06:00:00,1578280.9116964536
2022-10-16 07:00:00,1577146.3749088387
2022-10-16 08:00:00,1577357.0896768833
2022-10-16 09:00:00,1580219.80306816
2022-10-16 10:00:00,1578140.1108823596
2022-10-16 11:00:00,1576911.1908395058
2022-10-16 12:00:00,1577598.730457991
2022-10-16 13:00:00,1577728.5291381245
2022-10-16 14:00:00,1577306.8736645202
2022-10-16 15:00:00,1576647.271426536
2022-10-16 16:00:00,1579461.5790593436
2022-10-16 17:00:00,1577848.6375071383
2022-10-16 18:00:00,1576719.4386828712
2022-10-16 19:00:00,1576248.2215063951
2022-10-16 20:00:00,1593753.9931430232
2022-10-16 21:00:00,1593786.222821794
2022-10-16 22:00:00,1585967.5613830308
2022-10-16 23:00:00,1593187.5724159824
2022-10-17 00:00:00,1588446.8785181572
2022-10-17 01:00:00,1582535.832578233
2022-10-17 02:00:00,1580664.7369741332
2022-10-17 03:00:00,1579980.8397339478
2022-10-17 04:00:00,1579798.9682885164
2022-10-17 05:00:00,1583839.6256518802
2022-10-17 06:00:00,1586609.1848009638
2022-10-17 07:00:00,1586023.9827990867
2022-10-17 08:00:00,1587695.084662242
2022-10-17 09:00:00,1586549.7363157019
2022-10-17 10:00:00,1592969.297170338
2022-10-17 11:00:00,1596226.4453945651
2022-10-17 12:00:00,1600755.248289386
2022-10-17 13:00:00,1603720.9070383855
2022-10-17 14:00:00,1611158.060053456
2022-10-17 15:00:00,1601823.2071081176
2022-10-17 16:00:00,1605447.9532418344
2022-10-17 17:00:00,1601780.7446750093
2022-10-17 18:00:00,1604508.3412689557
2022-10-17 19:00:00,1604379.4639076148
2022-10-17 20:00:00,1606076.6488909668
2022-10-17 21:00:00,1606024.7786715538
2022-10-17 22:00:00,1604947.955030907
2022-10-17 23:00:00,1603043.1861386828
2022-10-18 00:00:00,1607560.4227655225
2022-10-18 01:00:00,1608801.7199148727
2022-10-18 02:00:00,1606053.8821572152
2022-10-18 03:00:00,1605076.4798822878
2022-10-18 04:00:00,1606263.679858046
2022-10-18 05:00:00,1607138.45732899
2022-10-18 06:00:00,1608204.2190568326
2022-10-18 07:00:00,1617047.1891928334
2022-10-18 08:00:00,1615914.1359358302
2022-10-18 09:00:00,1610269.0652550892
2022-10-18 10:00:00,1607801.7935390843
2022-10-18 11:00:00,1609210.1016017443
2022-10-18 12:00:00,1612763.815067524
2022-10-18 13:00:00,1612159.4577442328
2022-10-18 14:00:00,1610542.7979235668
2022-10-18 15:00:00,1598684.788756748
2022-10-18 16:00:00,1590883.2800309143
2022-10-18 17:00:00,1600440.1655868888
2022-10-18 18:00:00,1597084.3067079794
2022-10-18 19:00:00,1577431.1895641105
2022-10-18 20:00:00,1581118.729413386
2022-10-18 21:00:00,1596122.2109068972
2022-10-18 22:00:00,1587779.4382859718
2022-10-18 23:00:00,1589972.0302373997
2022-10-19 00:00:00,1590638.42641553
2022-10-19 01:00:00,1585568.7878081254
2022-10-19 02:00:00,1589253.4079315744
2022-10-19 03:00:00,1587796.624423482
2022-10-19 04:00:00,1590059.7773757076
2022-10-19 05:00:00,1586767.7224437606
2022-10-19 06:00:00,1585990.8265772844
2022-10-19 07:00:00,1581646.5492311195
2022-10-19 08:00:00,1584399.2552406816
2022-10-19 09:00:00,1586610.6527550525
2022-10-19 10:00:00,1595505.3860689336
2022-10-19 11:00:00,1593717.6480559823
2022-10-19 12:00:00,1591711.0936088054
2022-10-19 13:00:00,1590915.9334937527
2022-10-19 14:00:00,1585656.5479928702
2022-10-19 15:00:00,1592004.5083541754
2022-10-19 16:00:00,1601553.7361179192
2022-10-19 17:00:00,1595955.4111004302
2022-10-19 18:00:00,1590222.6219530206
2022-10-19 19:00:00,1591869.9820231795
2022-10-19 20:00:00,1593916.4900402226
2022-10-19 21:00:00,1593503.8400409108
2022-10-19 22:00:00,1592479.8695073663
2022-10-19 23:00:00,1588113.8892952679
2022-10-20 00:00:00,1588088.5652711494
2022-10-20 01:00:00,1574927.4731444253
2022-10-20 02:00:00,1579512.0292169654
2022-10-20 03:00:00,1581513.0476647108
2022-10-20 04:00:00,1581514.4279818286
2022-10-20 05:00:00,1593576.870743705
2022-10-20 06:00:00,1591135.7782767392
2022-10-20 07:00:00,1589641.540010038
2022-10-20 08:00:00,1587696.284042118
2022-10-20 09:00:00,1585427.8431916067
2022-10-20 10:00:00,1586268.120607216
2022-10-20 11:00:00,1588832.3595323514
2022-10-20 12:00:00,1589125.5457007955
2022-10-20 13:00:00,1585541.0792550456
2022-10-20 14:00:00,1587065.146430938
2022-10-20 15:00:00,1594265.21649551
2022-10-20 16:00:00,1593691.0759709855
2022-10-20 17:00:00,1586297.3585205593
2022-10-20 18:00:00,1581224.776247811
2022-10-20 19:00:00,1578329.8658625777
2022-10-20 20:00:00,1577513.3365494404
2022-10-20 21:00:00,1578011.4107084186
2022-10-20 22:00:00,1580395.3388309926
2022-10-20 23:00:00,1575702.765303862
2022-10-21 00:00:00,1579397.5501872143
2022-10-21 01:00:00,1578173.0159273213
2022-10-21 02:00:00,1580221.2023277825
2022-10-21 03:00:00,1584824.232538734
2022-10-21 04:00:00,1577364.3403102902
2022-10-21 05:00:00,1575170.219088339
2022-10-21 06:00:00,1577404.8752862853
2022-10-21 07:00:00,1576179.6279444126
2022-10-21 08:00:00,1574634.9412042885
2022-10-21 09:00:00,1569124.8361312486
2022-10-21 10:00:00,1571738.5976640424
2022-10-21 11:00:00,1572653.2101442353
2022-10-21 12:00:00,1571827.4839427394
2022-10-21 13:00:00,1559505.3036578253
2022-10-21 14:00:00,1572459.6345151553
2022-10-21 15:00:00,1572925.1180945258
2022-10-21 16:00:00,1577662.7192295336
2022-10-21 17:00:00,1583530.8022305975
2022-10-21 18:00:00,1581452.271327794
2022-10-21 19:00:00,1581429.027578216
2022-10-21 20:00:00,1586934.3250148287
2022-10-21 21:00:00,1582303.0830333626
2022-10-21 22:00:00,1580581.196258776
2022-10-21 23:00:00,1583599.2804840805
2022-10-22 00:00:00,1582581.7431800629
2022-10-22 01:00:00,1581688.2970003472
2022-10-22 02:00:00,1581410.9703033767
2022-10-22 03:00:00,1578411.2704654597
2022-10-22 04:00:00,1579873.3199701025
2022-10-22 05:00:00,1580938.0665703975
2022-10-22 06:00:00,1580493.2800088278
2022-10-22 07:00:00,1580487.8636945684
2022-10-22 08:00:00,1581721.4232294527
2022-10-22 09:00:00,1581692.5249238906
2022-10-22 10:00:00,1582126.6676399766
2022-10-22 11:00:00,1581863.2632339476
2022-10-22 12:00:00,1583664.0707158262
2022-10-22 13:00:00,1584367.1487655821
2022-10-22 14:00:00,1584392.3729797257
2022-10-22 15:00:00,1586735.6499612925
2022-10-22 16:00:00,1587003.9844860986
2022-10-22 17:00:00,1583498.9473393208
2022-10-22 18:00:00,1580840.2661158007
2022-10-22 19:00:00,1582855.8980018147
2022-10-22 20:00:00,1583165.6763022912
2022-10-22 21:00:00,1584565.1690124
2022-10-22 22:00:00,1585740.8607622096
2022-10-22 23:00:00,1584990.4050394723
2022-10-23 00:00:00,1585106.2598564276
2022-10-23 01:00:00,1585231.1418056889
2022-10-23 02:00:00,1582927.2653509493
2022-10-23 03:00:00,1585202.1135244388
2022-10-23 04:00:00,1584713.7691417183
2022-10-23 05:00:00,1583527.3991578084
2022-10-23 06:00:00,1583522.5503490348
2022-10-23 07:00:00,1582880.488267155
2022-10-23 08:00:00,1582042.0081631893
2022-10-23 09:00:00,1583076.7708141634
2022-10-23 10:00:00,1583347.7794492657
2022-10-23 11:00:00,1582459.3648542503
2022-10-23 12:00:00,1580829.5511256473
2022-10-23 13:00:00,1579540.97078757
2022-10-23 14:00:00,1581415.980394485
2022-10-23 15:00:00,1584046.973819957
2022-10-23 16:00:00,1583743.5444944813
2022-10-23 17:00:00,1583932.9770801777
2022-10-23 18:00:00,1590627.612864885
2022-10-23 19:00:00,1604645.813359139
2022-10-23 20:00:00,1608284.605396094
2022-10-23 21:00:00,1608557.3151807247
2022-10-23 22:00:00,1607915.9832492077
2022-10-23 23:00:00,1620391.9541658245
2022-10-24 00:00:00,1615736.3722233516
2022-10-24 01:00:00,1611539.0381809631
2022-10-24 02:00:00,1601135.6904598542
2022-10-24 03:00:00,1605713.4011232948
2022-10-24 04:00:00,1603545.7824711204
2022-10-24 05:00:00,1595439.4167189633
2022-10-24 06:00:00,1597827.6259706498
2022-10-24 07:00:00,1598062.7141484863
2022-10-24 08:00:00,1595925.240067178
2022-10-24 09:00:00,1601376.109208585
2022-10-24 10:00:00,1603733.7789175066
2022-10-24 11:00:00,1604176.488076184
2022-10-24 12:00:00,1609233.939860307
2022-10-24 13:00:00,1602795.9657081056
2022-10-24 14:00:00,1603988.7568354837
2022-10-24 15:00:00,1594194.8602130972
2022-10-24 16:00:00,1598024.036441746
2022-10-24 17:00:00,1596023.3762815788
2022-10-24 18:00:00,1597292.8246420652
2022-10-24 19:00:00,1600017.482302653
2022-10-24 20:00:00,1600596.3139313173
2022-10-24 21:00:00,1600837.9512421272
2022-10-24 22:00:00,1602522.792995116
2022-10-24 23:00:00,1601490.083527385
2022-10-25 00:00:00,1598703.907185479
2022-10-25 01:00:00,1599550.5375510077
2022-10-25 02:00:00,1597286.3290075667
2022-10-25 03:00:00,1596784.1438501321
2022-10-25 04:00:00,1597760.0369154804
2022-10-25 05:00:00,1600309.8535903571
2022-10-25 06:00:00,1598926.9441883191
2022-10-25 07:00:00,1599537.532551986
2022-10-25 08:00:00,1596354.6604092077
2022-10-25 09:00:00,1597240.2838548357
2022-10-25 10:00:00,1594381.0297901195
2022-10-25 11:00:00,1597026.3221020796
2022-10-25 12:00:00,1598345.8246581412
2022-10-25 13:00:00,1597597.1276264994
2022-10-25 14:00:00,1603882.9904267364
2022-10-25 15:00:00,1606146.2253748206
2022-10-25 16:00:00,1641740.1366142281
2022-10-25 17:00:00,1629659.0175874892
2022-10-25 18:00:00,1654198.7722437293
2022-10-25 19:00:00,1674856.2507906258
2022-10-25 20:00:00,1667925.7644032745
2022-10-25 21:00:00,1661095.3135574085
2022-10-25 22:00:00,1665870.3286731087
2022-10-25 23:00:00,1651903.6549284027
2022-10-26 00:00:00,1656756.0387529456
2022-10-26 01:00:00,1663208.5529439992
2022-10-26 02:00:00,1670842.9927471331
2022-10-26 03:00:00,1666725.3780081305
2022-10-26 04:00:00,1671344.6005231394
2022-10-26 05:00:00,1670458.244318454
2022-10-26 06:00:00,1663366.4766275755
2022-10-26 07:00:00,1666614.4792825747
2022-10-26 08:00:00,1667130.1690131205
2022-10-26 09:00:00,1694316.1839196181
2022-10-26 10:00:00,1692327.2030603015
2022-10-26 11:00:00,1694017.1677017082
2022-10-26 12:00:00,1692710.1169142209
2022-10-26 13:00:00,1686361.8996257542
2022-10-26 14:00:00,1683293.0178068615
2022-10-26 15:00:00,1709341.1193105474
2022-10-26 15:00:00,1709341.1193105474
2022-10-26 16:00:00,1711309.1576374834
2022-10-26 17:00:00,1707436.0558524365
2022-10-26 18:00:00,1700465.5959974686
2022-10-26 19:00:00,1693853.752647247
2022-10-26 20:00:00,1702261.6011557675
2022-10-26 21:00:00,1702642.6531673807
2022-10-26 22:00:00,1701600.7036241458
2022-10-26 23:00:00,1704325.119767495
2022-10-27 00:00:00,1704523.7247506527
2022-10-27 01:00:00,1702179.875959031
2022-10-27 02:00:00,1700737.0918373768
2022-10-27 03:00:00,1705966.7826803061
2022-10-27 04:00:00,1706558.9445484034
2022-10-27 05:00:00,1713735.9759540372
2022-10-27 06:00:00,1715401.4350782374
2022-10-27 07:00:00,1707762.1505048776
2022-10-27 08:00:00,1704055.9352081565
2022-10-27 09:00:00,1704900.5141108902
2022-10-27 10:00:00,1699950.6068809496
2022-10-27 11:00:00,1690500.165270936
2022-10-27 12:00:00,1692132.6001453088
2022-10-27 13:00:00,1700499.7618521797
2022-10-27 14:00:00,1694185.723968396
2022-10-27 15:00:00,1696560.8656381099
2022-10-27 16:00:00,1692719.6372587197
2022-10-27 17:00:00,1695333.960461857
2022-10-27 18:00:00,1698601.7049371265
2022-10-27 19:00:00,1695137.834579361
2022-10-27 20:00:00,1701630.8161439416
2022-10-27 21:00:00,1683674.2619443815
2022-10-27 22:00:00,1677505.8748384472
2022-10-27 23:00:00,1671605.9895113453
2022-10-28 00:00:00,1671802.2498408982
2022-10-28 01:00:00,1674202.2107063595
2022-10-28 02:00:00,1673647.0808742682
2022-10-28 03:00:00,1667817.9384759334
2022-10-28 04:00:00,1668094.2799585103
2022-10-28 05:00:00,1670007.1966169775
2022-10-28 06:00:00,1669193.9918171947
2022-10-28 07:00:00,1671759.9654856673
2022-10-28 08:00:00,1660907.4996356836
2022-10-28 09:00:00,1661224.5235160259
2022-10-28 10:00:00,1663068.398907439
2022-10-28 11:00:00,1667408.0883373634
2022-10-28 12:00:00,1665202.2545202165
2022-10-28 13:00:00,1665586.2162248201
2022-10-28 14:00:00,1686542.5105747276
2022-10-28 15:00:00,1693960.8531398757
2022-10-28 16:00:00,1682715.8150640486
2022-10-28 17:00:00,1704968.4442008357
2022-10-28 18:00:00,1702314.730301599
2022-10-28 19:00:00,1697758.288418484
2022-10-28 20:00:00,1692891.2745146996
2022-10-28 21:00:00,1695677.8449779986
2022-10-28 22:00:00,1695169.4347726773
2022-10-28 23:00:00,1695946.716305729
2022-10-29 00:00:00,1694405.8791596622
2022-10-29 01:00:00,1694907.2021852997
2022-10-29 02:00:00,1697359.65895818
2022-10-29 03:00:00,1706899.2345104194
2022-10-29 04:00:00,1707124.0209128023
2022-10-29 05:00:00,1700631.166140577
2022-10-29 06:00:00,1699403.5477504225
2022-10-29 07:00:00,1703198.104670399
2022-10-29 08:00:00,1705443.217681964
2022-10-29 09:00:00,1717874.279258475
2022-10-29 10:00:00,1721855.1835675219
2022-10-29 11:00:00,1715858.7348470239
2022-10-29 12:00:00,1703463.1867515729
2022-10-29 13:00:00,1707497.5812047853
2022-10-29 14:00:00,1705317.8820311755
2022-10-29 15:00:00,1713194.4916151685
2022-10-29 16:00:00,1717553.4400783875
2022-10-29 17:00:00,1716188.078145921
2022-10-29 18:00:00,1719781.145704484
2022-10-29 19:00:00,1712795.2943778639
2022-10-29 20:00:00,1712966.7091287936
2022-10-29 21:00:00,1715974.214832578
2022-10-29 22:00:00,1717207.4221484358
2022-10-29 23:00:00,1705972.691164127
2022-10-30 00:00:00,1711642.3446225685
2022-10-30 01:00:00,1705673.7270939874
2022-10-30 02:00:00,1707261.1619961471
2022-10-30 03:00:00,1708679.4123181365
2022-10-30 04:00:00,1708476.6087638822
2022-10-30 05:00:00,1708040.6584559076
2022-10-30 06:00:00,1711234.912213391
2022-10-30 07:00:00,1717766.5072356807
2022-10-30 08:00:00,1716135.6223811214
2022-10-30 09:00:00,1712018.3944465935
2022-10-30 10:00:00,1701040.7938881472
2022-10-30 11:00:00,1700791.8229686725
2022-10-30 12:00:00,1707467.7648637989
2022-10-30 13:00:00,1705855.2083318962
2022-10-30 14:00:00,1701413.6269631858
2022-10-30 15:00:00,1705861.4980255973
2022-10-30 16:00:00,1700738.3927082608
2022-10-30 17:00:00,1698221.8246086524
2022-10-30 18:00:00,1699843.6606127752
2022-10-30 19:00:00,1701229.527952204
2022-10-30 20:00:00,1698625.525438741
2022-10-30 21:00:00,1702462.0007148692
2022-10-30 22:00:00,1702217.8952675445
2022-10-30 23:00:00,1690791.1696567524
2022-10-31 00:00:00,1697034.4824268962
2022-10-31 01:00:00,1690700.3329464027
2022-10-31 02:00:00,1692798.1991641938
2022-10-31 03:00:00,1684133.1264847894
2022-10-31 04:00:00,1688516.297968947
2022-10-31 05:00:00,1694984.3381538035
2022-10-31 06:00:00,1693852.1582670084
2022-10-31 07:00:00,1689312.1450793196
2022-10-31 08:00:00,1692089.4215697732
2022-10-31 09:00:00,1688352.8844297517
2022-10-31 10:00:00,1706380.1970095611
2022-10-31 11:00:00,1718114.0638160731
2022-10-31 12:00:00,1716750.0119351866
2022-10-31 13:00:00,1715965.9055211884
2022-10-31 14:00:00,1706013.8381345628
2022-10-31 15:00:00,1679547.5011277392
2022-10-31 16:00:00,1685712.5628133633
2022-10-31 17:00:00,1686103.4530544463
2022-10-31 18:00:00,1686119.7266922272
2022-10-31 19:00:00,1694011.935126221
2022-10-31 20:00:00,1685819.0881773217
2022-10-31 21:00:00,1690120.9285123632
2022-10-31 22:00:00,1688008.6271928507
2022-10-31 23:00:00,1694135.4729796792
2022-11-01 00:00:00,1695501.9624088611
2022-11-01 01:00:00,1692903.662032976
2022-11-01 02:00:00,1698932.3831723358
2022-11-01 03:00:00,1701542.9144178412
2022-11-01 04:00:00,1694962.7899620135
2022-11-01 05:00:00,1694637.9509068837
2022-11-01 06:00:00,1696101.466840637
2022-11-01 07:00:00,1705194.9147572697
2022-11-01 08:00:00,1701221.6170938173
2022-11-01 09:00:00,1700745.0451209848
2022-11-01 10:00:00,1703684.7263481491
2022-11-01 11:00:00,1705667.0941209074
2022-11-01 12:00:00,1697262.4569005235
2022-11-01 13:00:00,1695937.9150368278
2022-11-01 14:00:00,1680787.7902009513
2022-11-01 15:00:00,1690320.3238235977
2022-11-01 16:00:00,1687491.9165138665
2022-11-01 17:00:00,1687714.767808079
2022-11-01 18:00:00,1688081.778648106
2022-11-01 19:00:00,1688106.587342224
2022-11-01 20:00:00,1689992.218303693
2022-11-01 21:00:00,1692389.997268899
2022-11-01 22:00:00,1693784.390203998
2022-11-01 23:00:00,1691361.9589101847
2022-11-02 00:00:00,1694158.6943066728
2022-11-02 01:00:00,1694635.6771682848
2022-11-02 02:00:00,1696150.2326414473
2022-11-02 03:00:00,1695960.1688509635
2022-11-02 04:00:00,1697159.7084578704
2022-11-02 05:00:00,1697350.954988945
2022-11-02 06:00:00,1694854.6781294744
2022-11-02 07:00:00,1694948.0461246439
2022-11-02 08:00:00,1691201.8569745093
2022-11-02 09:00:00,1692904.1645319737
2022-11-02 10:00:00,1694082.527324609
2022-11-02 11:00:00,1688950.8006171891
2022-11-02 12:00:00,1692173.1131448534
2022-11-02 13:00:00,1689029.5792768174
2022-11-02 14:00:00,1688337.5502191759
2022-11-02 15:00:00,1690105.445241937
2022-11-02 16:00:00,1690180.774987911
2022-11-02 17:00:00,1692395.9680881095
2022-11-02 18:00:00,1691692.5044702296
2022-11-02 19:00:00,1701741.7735569228
2022-11-02 20:00:00,1678684.5332906027
2022-11-02 21:00:00,1673875.3280230581
2022-11-02 22:00:00,1669231.963465143
2022-11-02 23:00:00,1663446.0661641753
2022-11-03 00:00:00,1671282.4688063324
2022-11-03 01:00:00,1672995.6575176076
2022-11-03 02:00:00,1683391.6452559326
2022-11-03 03:00:00,1683990.7002549213
2022-11-03 04:00:00,1683992.5835053138
2022-11-03 05:00:00,1687220.5812823607
2022-11-03 06:00:00,1686307.6028029826
2022-11-03 07:00:00,1684415.9429286174
2022-11-03 08:00:00,1680965.0988500481
2022-11-03 09:00:00,1681593.8618606324
2022-11-03 10:00:00,1683664.9081504168
2022-11-03 11:00:00,1678814.8985645408
2022-11-03 12:00:00,1668235.3327804487
2022-11-03 13:00:00,1666553.361789249
2022-11-03 14:00:00,1671688.8901021308
2022-11-03 15:00:00,1680785.3685549058
2022-11-03 16:00:00,1675570.662580169
2022-11-03 17:00:00,1677070.9941175762
2022-11-03 18:00:00,1675760.722336909
2022-11-03 19:00:00,1675285.5757107201
2022-11-03 20:00:00,1674488.4805740379
2022-11-03 21:00:00,1674108.0429320056
2022-11-03 22:00:00,1674715.3435067774
2022-11-03 23:00:00,1669291.9000057394
2022-11-04 00:00:00,1671077.6499259782
2022-11-04 01:00:00,1676263.3096584515
2022-11-04 02:00:00,1676444.9139856566
2022-11-04 03:00:00,1678295.6378228397
2022-11-04 04:00:00,1680514.839853121
2022-11-04 05:00:00,1676883.0762370634
2022-11-04 06:00:00,1691158.0278647125
2022-11-04 07:00:00,1700673.64693251
2022-11-04 08:00:00,1701925.721651805
2022-11-04 09:00:00,1700552.7812741967
2022-11-04 10:00:00,1698543.3437669068
2022-11-04 11:00:00,1698827.535238596
2022-11-04 12:00:00,1692339.2103404987
2022-11-04 13:00:00,1699128.254511353
2022-11-04 14:00:00,1703210.0418644906
2022-11-04 15:00:00,1742514.7069099941
2022-11-04 16:00:00,1713851.8231643178
2022-11-04 17:00:00,1709985.685323123
2022-11-04 18:00:00,1707075.0706234963
2022-11-04 19:00:00,1723655.9579088083
2022-11-04 20:00:00,1726336.0880149934
2022-11-04 21:00:00,1725533.2022041744
2022-11-04 22:00:00,1730460.091275635
2022-11-04 23:00:00,1734914.794657444
2022-11-05 00:00:00,1733246.0696689899
2022-11-05 01:00:00,1734960.083382615
2022-11-05 02:00:00,1749668.9506756975
2022-11-05 03:00:00,1751142.4352470408
2022-11-05 04:00:00,1754895.8504976945
2022-11-05 05:00:00,1755157.3763715818
2022-11-05 06:00:00,1753808.8826934907
2022-11-05 07:00:00,1753562.1854660267
2022-11-05 08:00:00,1752556.9625251826
2022-11-05 09:00:00,1744667.4563989777
2022-11-05 10:00:00,1745283.134175218
2022-11-05 11:00:00,1745087.4901232587
2022-11-05 12:00:00,1753160.26049433
2022-11-05 13:00:00,1746159.6024712624
2022-11-05 14:00:00,1743385.2967159282
2022-11-05 15:00:00,1744305.3556813574
2022-11-05 16:00:00,1746496.8167663412
2022-11-05 17:00:00,1746179.1023510683
2022-11-05 18:00:00,1748064.274787049
2022-11-05 19:00:00,1744375.302729604
2022-11-05 20:00:00,1748550.129779776
2022-11-05 21:00:00,1749073.2317455374
2022-11-05 22:00:00,1747338.4073135634
2022-11-05 23:00:00,1748508.9274488818
2022-11-06 00:00:00,1744139.5655679302
2022-11-06 01:00:00,1746451.1480142043
2022-11-06 02:00:00,1739633.0246127557
2022-11-06 03:00:00,1741085.4209405861
2022-11-06 04:00:00,1739690.3875534956
2022-11-06 05:00:00,1740854.5423360416
2022-11-06 06:00:00,1733792.5241420171
2022-11-06 07:00:00,1734812.5683510334
2022-11-06 08:00:00,1737536.5322358804
2022-11-06 09:00:00,1739706.0248234188
2022-11-06 10:00:00,1742616.07808436
2022-11-06 11:00:00,1742947.7251137341
2022-11-06 12:00:00,1737839.2007989448
2022-11-06 13:00:00,1740021.4004151204
2022-11-06 14:00:00,1738497.9669469628
2022-11-06 15:00:00,1738364.4423000654
2022-11-06 16:00:00,1743185.7263950359
2022-11-06 17:00:00,1742442.9525412244
2022-11-06 18:00:00,1739756.0308274669
2022-11-06 19:00:00,1739860.2750526802
2022-11-06 20:00:00,1737831.151612982
2022-11-06 21:00:00,1738143.4091421992
2022-11-06 22:00:00,1734097.1029246794
2022-11-06 23:00:00,1733783.347203861
2022-11-07 00:00:00,1715354.6619632454
2022-11-07 01:00:00,1712066.474869823
2022-11-07 02:00:00,1718335.149041669
2022-11-07 03:00:00,1725402.3583690245
2022-11-07 04:00:00,1719477.931071705
2022-11-07 05:00:00,1715796.769968782
2022-11-07 06:00:00,1715710.130080203
2022-11-07 07:00:00,1716856.6440245048
2022-11-07 08:00:00,1704630.4085822857
2022-11-07 09:00:00,1700431.0695350582
2022-11-07 10:00:00,1699033.2989500214
2022-11-07 11:00:00,1700968.966491366
2022-11-07 12:00:00,1697500.800954656
2022-11-07 13:00:00,1696433.6960329262
2022-11-07 14:00:00,1697648.7021273323
2022-11-07 15:00:00,1696238.444186379
2022-11-07 16:00:00,1699527.441260819
2022-11-07 17:00:00,1700060.5198659417
2022-11-07 18:00:00,1692763.6031621215
2022-11-07 19:00:00,1694245.6930973965
2022-11-07 20:00:00,1707685.6974097202
2022-11-07 21:00:00,1702059.5531970738
2022-11-07 22:00:00,1689112.5650623764
2022-11-07 23:00:00,1681881.8063790007
2022-11-08 00:00:00,1685647.3052999675
2022-11-08 01:00:00,1682314.1287848982
2022-11-08 02:00:00,1693290.3900853551
2022-11-08 03:00:00,1689578.4083698124
2022-11-08 04:00:00,1666155.7990167318
2022-11-08 05:00:00,1616051.8979997975
2022-11-08 06:00:00,1617566.7665654256
2022-11-08 07:00:00,1623450.8117970468
2022-11-08 08:00:00,1630852.7721998086
2022-11-08 09:00:00,1618350.6420214553
2022-11-08 10:00:00,1614675.5530056816
2022-11-08 11:00:00,1609514.9710688822
2022-11-08 12:00:00,1608248.853024531
2022-11-08 13:00:00,1606815.3185983626
2022-11-08 14:00:00,1604470.7656231022
2022-11-08 15:00:00,1592814.8759041936
2022-11-08 16:00:00,1579215.022870102
2022-11-08 17:00:00,1667240.5973917774
2022-11-08 18:00:00,1601507.1482438531
2022-11-08 19:00:00,1523173.0085569627
2022-11-08 20:00:00,1483434.3916406617
2022-11-08 21:00:00,1485101.4878844782
2022-11-08 22:00:00,1510693.472560489
2022-11-08 23:00:00,1507651.45675892
2022-11-09 00:00:00,1511076.6979709705
2022-11-09 01:00:00,1496730.8458777755
2022-11-09 02:00:00,1501883.8218604722
2022-11-09 03:00:00,1483325.2926852666
2022-11-09 04:00:00,1506287.5047527642
2022-11-09 05:00:00,1499824.5822212743
2022-11-09 06:00:00,1515521.8780599185
2022-11-09 07:00:00,1512865.086602931
2022-11-09 08:00:00,1502015.4335382918
2022-11-09 09:00:00,1474789.484403841
2022-11-09 10:00:00,1440357.8394549098
2022-11-09 11:00:00,1425991.8636244512
2022-11-09 12:00:00,1451733.656255847
2022-11-09 13:00:00,1436969.8198338673
2022-11-09 14:00:00,1426080.3067017964
2022-11-09 15:00:00,1438209.2004221424
2022-11-09 16:00:00,1390398.499864299
2022-11-09 17:00:00,1397367.2303331306
2022-11-09 18:00:00,1386120.9283060373
2022-11-09 19:00:00,1337981.5995913788
2022-11-09 20:00:00,1371360.3068637135
2022-11-09 21:00:00,1322682.8831645418
2022-11-09 22:00:00,1299448.3044424786
2022-11-09 23:00:00,1300210.448533108
2022-11-10 00:00:00,1280554.289383769
2022-11-10 01:00:00,1316836.2768890392
2022-11-10 02:00:00,1316987.740940384
2022-11-10 03:00:00,1316101.7960594017
2022-11-10 04:00:00,1334412.008679395
2022-11-10 05:00:00,1338263.538121031
2022-11-10 06:00:00,1361505.9411086342
2022-11-10 07:00:00,1373244.9253989542
2022-11-10 08:00:00,1371753.1484738993
2022-11-10 09:00:00,1380533.2396190213
2022-11-10 10:00:00,1366708.4768123992
2022-11-10 11:00:00,1339405.1627446725
2022-11-10 12:00:00,1345316.8891029079
2022-11-10 13:00:00,1356563.860773512
2022-11-10 14:00:00,1432922.5001256338
2022-11-10 15:00:00,1415791.308586833
2022-11-10 16:00:00,1413298.6383117845
2022-11-10 17:00:00,1442257.3713972254
2022-11-10 18:00:00,1394823.8643256198
2022-11-10 19:00:00,1399443.7084716447
2022-11-10 20:00:00,1404713.2633328363
2022-11-10 21:00:00,1428484.2975811637
2022-11-10 22:00:00,1440304.6713571947
2022-11-10 23:00:00,1434356.7091439422
2022-11-11 00:00:00,1416093.9875652438
2022-11-11 01:00:00,1414691.1903259607
2022-11-11 02:00:00,1397922.1254677537
2022-11-11 03:00:00,1379176.2610104757
2022-11-11 04:00:00,1369734.6455560916
2022-11-11 05:00:00,1377560.7288431928
2022-11-11 06:00:00,1393715.3827832367
2022-11-11 07:00:00,1397004.5825515501
2022-11-11 08:00:00,1410543.4042584647
2022-11-11 09:00:00,1408905.5100288005
2022-11-11 10:00:00,1406882.7173604604
2022-11-11 11:00:00,1396170.7102680309
2022-11-11 12:00:00,1400591.8700972013
2022-11-11 13:00:00,1400309.1340500095
2022-11-11 14:00:00,1401089.7842916
2022-11-11 15:00:00,1356867.6674890807
2022-11-11 16:00:00,1358710.8469318822
2022-11-11 17:00:00,1356125.1326275463
2022-11-11 18:00:00,1354731.3089207031
2022-11-11 19:00:00,1356469.166279346
2022-11-11 20:00:00,1351256.489678537
2022-11-11 21:00:00,1338179.5656543667
2022-11-11 22:00:00,1354744.657914106
2022-11-11 23:00:00,1364324.497732323
2022-11-12 00:00:00,1375740.4051045394
2022-11-12 01:00:00,1361324.1701311665
2022-11-12 02:00:00,1357513.3493737376
2022-11-12 03:00:00,1363873.250830131
2022-11-12 04:00:00,1359748.245629152
2022-11-12 05:00:00,1355839.2249503792
2022-11-12 06:00:00,1342774.3526153946
2022-11-12 07:00:00,1350980.2074925953
2022-11-12 08:00:00,1352970.277905294
2022-11-12 09:00:00,1356808.9735852226
2022-11-12 10:00:00,1358568.9989477939
2022-11-12 11:00:00,1357041.7196764827
2022-11-12 12:00:00,1355829.7394268294
2022-11-12 13:00:00,1355703.9789067667
2022-11-12 14:00:00,1355075.0901842667
2022-11-12 15:00:00,1358513.1688273344
2022-11-12 16:00:00,1362834.7999209033
2022-11-12 17:00:00,1360189.6554925782
2022-11-12 18:00:00,1361815.1296839914
2022-11-12 19:00:00,1358483.4928428102
2022-11-12 20:00:00,1360497.7945742372
2022-11-12 21:00:00,1353366.3012082188
2022-11-12 22:00:00,1355068.9856756052
2022-11-12 23:00:00,1355694.4964312767
2022-11-13 00:00:00,1353030.0174566929
2022-11-13 01:00:00,1359241.4346261162
2022-11-13 02:00:00,1358382.48987739
2022-11-13 03:00:00,1359575.8195120462
2022-11-13 04:00:00,1361565.9333386866
2022-11-13 05:00:00,1359525.5779264593
2022-11-13 06:00:00,1357486.355303234
2022-11-13 07:00:00,1344537.3918508966
2022-11-13 08:00:00,1347832.34212883
2022-11-13 09:00:00,1346503.6249430047
2022-11-13 10:00:00,1331424.008013909
2022-11-13 11:00:00,1335402.1730058703
2022-11-13 12:00:00,1343166.3286505917
2022-11-13 13:00:00,1339395.45338693
2022-11-13 14:00:00,1343091.8112842655
2022-11-13 15:00:00,1339544.785889277
2022-11-13 16:00:00,1334820.0709781942
2022-11-13 17:00:00,1337958.4492748366
2022-11-13 18:00:00,1332396.0073065436
2022-11-13 19:00:00,1329584.3408780226
2022-11-13 20:00:00,1333071.9480924231
2022-11-13 21:00:00,1330314.5619952588
2022-11-13 22:00:00,1321702.7709309252
2022-11-13 23:00:00,1323970.1941300093
2022-11-14 00:00:00,1316174.4194847338
2022-11-14 01:00:00,1310095.8621305916
2022-11-14 02:00:00,1293748.0237226828
2022-11-14 03:00:00,1294306.7696467573
2022-11-14 04:00:00,1306758.8442581855
2022-11-14 05:00:00,1296118.6574814422
2022-11-14 06:00:00,1293842.9701728935
2022-11-14 07:00:00,1345278.9412672354
2022-11-14 08:00:00,1365066.5234837981
2022-11-14 09:00:00,1359351.79987758
2022-11-14 10:00:00,1363978.0575238003
2022-11-14 11:00:00,1367316.0037787033
2022-11-14 12:00:00,1362593.9914068866
2022-11-14 13:00:00,1365506.2186392325
2022-11-14 14:00:00,1379135.1927927404
2022-11-14 15:00:00,1346134.248528518
2022-11-14 16:00:00,1345385.3252592834
2022-11-14 17:00:00,1337146.5243956316
2022-11-14 18:00:00,1343791.8699441892
2022-11-14 19:00:00,1347592.3232789063
2022-11-14 20:00:00,1335160.6044214475
2022-11-14 21:00:00,1320183.2496206777
2022-11-14 22:00:00,1329550.5783189537
2022-11-14 23:00:00,1330901.8035323895
2022-11-15 00:00:00,1348188.0971006367
2022-11-15 01:00:00,1343013.4729268397
2022-11-15 02:00:00,1356875.6670374696
2022-11-15 03:00:00,1359857.226398615
2022-11-15 04:00:00,1369511.373849696
2022-11-15 05:00:00,1365435.1570681406
2022-11-15 05:00:00,1364519.8133294154
2022-11-15 06:00:00,1356309.1088579346
2022-11-15 07:00:00,1360395.4818051097
2022-11-15 08:00:00,1367054.9150518978
2022-11-15 09:00:00,1372929.1892388104
2022-11-15 10:00:00,1362663.4058799122
2022-11-15 11:00:00,1363301.3587591597
2022-11-15 12:00:00,1361259.5671550685
2022-11-15 13:00:00,1367154.7517148075
2022-11-15 14:00:00,1370677.9179045376
2022-11-15 15:00:00,1366144.1989291932
2022-11-15 16:00:00,1380079.1257484574
2022-11-15 17:00:00,1376038.9855593925
2022-11-15 18:00:00,1376901.7524248145
2022-11-15 19:00:00,1354311.2248642393
2022-11-15 20:00:00,1363318.4027183708
2022-11-15 21:00:00,1362668.939031625
2022-11-15 22:00:00,1371032.0096530763
2022-11-15 23:00:00,1369969.4868267681
2022-11-16 00:00:00,1369342.241996923
2022-11-16 01:00:00,1363439.443501987
2022-11-16 02:00:00,1369385.4587208293
2022-11-16 03:00:00,1377626.597437433
2022-11-16 04:00:00,1382808.5425607278
2022-11-16 05:00:00,1376947.6389077897
2022-11-16 06:00:00,1378243.5429157012
2022-11-16 07:00:00,1369702.1300480468
2022-11-16 08:00:00,1370754.6152467753
2022-11-16 09:00:00,1363923.8050145246
2022-11-16 10:00:00,1360970.765064477
2022-11-16 11:00:00,1358880.3934445071
2022-11-16 12:00:00,1358286.3950168425
2022-11-16 13:00:00,1352221.6807882986
2022-11-16 14:00:00,1348739.4105188735
2022-11-16 15:00:00,1341003.6048110027
2022-11-16 16:00:00,1345662.6956585627
2022-11-16 17:00:00,1346264.8948648307
2022-11-16 18:00:00,1350233.0539221466
2022-11-16 19:00:00,1348924.5031912243
2022-11-16 20:00:00,1349199.2316652955
2022-11-16 21:00:00,1352408.4071690005
2022-11-16 22:00:00,1349340.9767399158
2022-11-16 23:00:00,1350112.381086648
2022-11-17 00:00:00,1360111.4824556801
2022-11-17 01:00:00,1361167.8221009448
2022-11-17 02:00:00,1360783.0790009017
2022-11-17 03:00:00,1357330.3897328514
2022-11-17 04:00:00,1351509.3499054066
2022-11-17 05:00:00,1347264.4058011642
2022-11-17 06:00:00,1352184.5113618164
2022-11-17 07:00:00,1352927.3941201665
2022-11-17 08:00:00,1353673.6207639687
2022-11-17 09:00:00,1353738.7129450024
2022-11-17 10:00:00,1349850.3051805075
2022-11-17 11:00:00,1351878.2864184103
2022-11-17 12:00:00,1354006.254892453
2022-11-17 13:00:00,1354198.711997946
2022-11-17 14:00:00,1346488.8217255527
2022-11-17 15:00:00,1350800.164394012
2022-11-17 16:00:00,1355118.55906602
2022-11-17 17:00:00,1361251.5343210339
2022-11-17 18:00:00,1359168.3865702301
2022-11-17 19:00:00,1363913.1468846516
2022-11-17 20:00:00,1360209.5543315117
2022-11-17 21:00:00,1361701.6036660685
2022-11-17 22:00:00,1361786.649036461
2022-11-17 23:00:00,1362873.3599957773
2022-11-18 00:00:00,1362968.5787074908
2022-11-18 01:00:00,1375555.277701814
2022-11-18 02:00:00,1376043.7999980818
2022-11-18 03:00:00,1381671.5742276572
2022-11-18 04:00:00,1375578.1482755092
2022-11-18 05:00:00,1373949.3194223745
2022-11-18 06:00:00,1374036.396651953
2022-11-18 07:00:00,1371924.6784546133
2022-11-18 08:00:00,1367253.4852268475
2022-11-18 09:00:00,1367625.2797815732
2022-11-18 10:00:00,1368384.7025404228
2022-11-18 11:00:00,1374089.1315534362
2022-11-18 12:00:00,1370019.6521184817
2022-11-18 13:00:00,1370766.609972206
2022-11-18 14:00:00,1369752.32681146
2022-11-18 15:00:00,1362767.119011225
2022-11-18 16:00:00,1361984.4224355011
2022-11-18 17:00:00,1358116.2722507322
2022-11-18 18:00:00,1354960.565709453
2022-11-18 19:00:00,1354418.9346872284
2022-11-18 20:00:00,1355566.6684141664
2022-11-18 21:00:00,1357452.724246207
2022-11-18 22:00:00,1359654.9945322035
2022-11-18 23:00:00,1359098.969204699
2022-11-19 00:00:00,1361958.1676452556
2022-11-19 01:00:00,1360141.483775278
2022-11-19 02:00:00,1358756.520006125
2022-11-19 03:00:00,1355974.8435267324
2022-11-19 04:00:00,1356962.8396377547
2022-11-19 05:00:00,1356363.5842104938
2022-11-19 06:00:00,1354219.750396775
2022-11-19 07:00:00,1354994.9912658385
2022-11-19 08:00:00,1354507.9481327606
2022-11-19 09:00:00,1358026.309273663
2022-11-19 10:00:00,1357428.9652006985
2022-11-19 11:00:00,1357647.2077826967
2022-11-19 12:00:00,1358378.1056554033
2022-11-19 13:00:00,1358688.4498375116
2022-11-19 14:00:00,1358735.4743676372
2022-11-19 15:00:00,1358147.4936264204
2022-11-19 16:00:00,1358787.4380431017
2022-11-19 17:00:00,1358781.3423727688
2022-11-19 18:00:00,1354988.929091839
2022-11-19 19:00:00,1355766.1596865763
2022-11-19 20:00:00,1356408.0446202462
2022-11-19 21:00:00,1357524.6416137845
2022-11-19 22:00:00,1360950.3230736542
2022-11-19 23:00:00,1365446.9235315337
2022-11-20 00:00:00,1362353.5581790423
2022-11-20 01:00:00,1363957.437279904
2022-11-20 02:00:00,1364175.5375487702
2022-11-20 03:00:00,1361635.3484825008
2022-11-20 04:00:00,1361230.7090079987
2022-11-20 05:00:00,1361415.8086259055
2022-11-20 06:00:00,1361006.0363787652
2022-11-20 07:00:00,1361525.4312237962
2022-11-20 08:00:00,1363519.3888338697
2022-11-20 09:00:00,1354901.950850423
2022-11-20 10:00:00,1357487.0668237256
2022-11-20 11:00:00,1355247.1432378052
2022-11-20 12:00:00,1350918.463286121
2022-11-20 13:00:00,1350270.908435782
2022-11-20 14:00:00,1351483.0436627606
2022-11-20 15:00:00,1350484.799568298
2022-11-20 16:00:00,1353253.3500922255
2022-11-20 17:00:00,1353198.9275057614
2022-11-20 18:00:00,1350102.8139582123
2022-11-20 19:00:00,1352327.3338302386
2022-11-20 20:00:00,1351005.9787665321
2022-11-20 21:00:00,1347293.1238022882
2022-11-20 22:00:00,1337275.5352078462
2022-11-20 23:00:00,1329496.8532714245
2022-11-21 00:00:00,1329110.7908819616
2022-11-21 01:00:00,1325377.5316186242
2022-11-21 02:00:00,1326316.798457888
2022-11-21 03:00:00,1312153.7752877413
2022-11-21 04:00:00,1315328.4412138362
2022-11-21 05:00:00,1323857.0200514346
2022-11-21 06:00:00,1323983.2833550319
2022-11-21 07:00:00,1318189.2490329351
2022-11-21 08:00:00,1315507.440589959
2022-11-21 09:00:00,1311109.7934666753
2022-11-21 10:00:00,1315232.429005187
2022-11-21 11:00:00,1318353.5462587536
2022-11-21 12:00:00,1315850.7194683307
2022-11-21 13:00:00,1315060.6692613438
2022-11-21 14:00:00,1325049.259015191
2022-11-21 15:00:00,1324908.9016180735
2022-11-21 16:00:00,1320807.3490859559
2022-11-21 17:00:00,1311286.0948768747
2022-11-21 18:00:00,1312183.5991908058
2022-11-21 19:00:00,1307633.742354598
2022-11-21 20:00:00,1280230.74358832
2022-11-21 21:00:00,1294348.5322200842
2022-11-21 22:00:00,1286289.3543071987
2022-11-21 23:00:00,1287843.0462881485
2022-11-22 00:00:00,1290838.0799553816
2022-11-22 01:00:00,1298324.259262243
2022-11-22 02:00:00,1293504.4447208329
2022-11-22 03:00:00,1292674.0231346376
2022-11-22 04:00:00,1297221.687903802
2022-11-22 05:00:00,1294477.5139676111
2022-11-22 06:00:00,1296019.7911684853
2022-11-22 07:00:00,1288105.3984770337
2022-11-22 08:00:00,1286567.0709168022
2022-11-22 09:00:00,1284247.1684967743
2022-11-22 10:00:00,1282275.8660758552
2022-11-22 11:00:00,1291117.2306475819
2022-11-22 12:00:00,1286163.359243663
2022-11-22 13:00:00,1292950.7225918858
2022-11-22 14:00:00,1318815.0651624352
2022-11-22 15:00:00,1315486.86111974
2022-11-22 16:00:00,1325612.892515988
2022-11-22 17:00:00,1323599.3574044665
2022-11-22 18:00:00,1316621.7500393302
2022-11-22 19:00:00,1319485.5126660978
2022-11-22 20:00:00,1322565.5727730764
2022-11-22 21:00:00,1320582.0030545169
2022-11-22 22:00:00,1320427.0957416703
2022-11-22 23:00:00,1321637.6759482222
2022-11-23 00:00:00,1325835.7047618865
2022-11-23 01:00:00,1324543.764153537
2022-11-23 02:00:00,1327759.1470915098
2022-11-23 03:00:00,1350189.3728156274
2022-11-23 04:00:00,1354522.2160494202
2022-11-23 05:00:00,1351248.9696255326
2022-11-23 06:00:00,1350177.5006686845
2022-11-23 07:00:00,1350254.5871703082
2022-11-23 08:00:00,1357293.2040022365
2022-11-23 09:00:00,1353559.911300759
2022-11-23 10:00:00,1354981.887111761
2022-11-23 11:00:00,1360375.740096428
2022-11-23 12:00:00,1358920.0530744367
2022-11-23 13:00:00,1352406.0423683536
2022-11-23 14:00:00,1348385.780113035
2022-11-23 15:00:00,1344248.1763664088
2022-11-23 16:00:00,1342010.4102311512
2022-11-23 17:00:00,1340516.816137414
2022-11-23 18:00:00,1338372.9889664443
2022-11-23 19:00:00,1348229.3443768928
2022-11-23 20:00:00,1346233.031762984
2022-11-23 21:00:00,1352422.943625132
2022-11-23 22:00:00,1346866.1224015837
2022-11-23 23:00:00,1349341.0234150488
2022-11-24 00:00:00,1357847.0336324002
2022-11-24 01:00:00,1352237.902580931
2022-11-24 02:00:00,1367582.696294025
2022-11-24 03:00:00,1364124.8797807142
2022-11-24 04:00:00,1365096.1459911675
2022-11-24 05:00:00,1363703.977632449
2022-11-24 06:00:00,1362145.9188426053
2022-11-24 07:00:00,1364140.3836025058
2022-11-24 08:00:00,1363295.223677977
2022-11-24 09:00:00,1355504.9763330682
2022-11-24 10:00:00,1354721.9276803653
2022-11-24 11:00:00,1352694.7349673728
2022-11-24 12:00:00,1352628.5870561532
2022-11-24 13:00:00,1350993.229453832
2022-11-24 14:00:00,1355341.6634308961
2022-11-24 15:00:00,1350785.4644772555
2022-11-24 16:00:00,1353320.7631561083
2022-11-24 17:00:00,1356383.2165172487
2022-11-24 18:00:00,1357009.9680371631
2022-11-24 19:00:00,1354084.8262459533
2022-11-24 20:00:00,1355078.44824631
2022-11-24 21:00:00,1354454.770687631
2022-11-24 22:00:00,1353295.6013902735
2022-11-24 23:00:00,1356737.2404964454
2022-11-25 00:00:00,1355957.3351906037
2022-11-25 01:00:00,1353558.697349483
2022-11-25 02:00:00,1350590.3983354303
2022-11-25 03:00:00,1348735.741296171
2022-11-25 04:00:00,1347834.738683562
2022-11-25 05:00:00,1338433.4227784136
2022-11-25 06:00:00,1336924.6616782558
2022-11-25 07:00:00,1339481.5708982812
2022-11-25 08:00:00,1342561.1448592283
2022-11-25 09:00:00,1340757.3568589757
2022-11-25 10:00:00,1345421.5210727716
2022-11-25 11:00:00,1346570.7482719093
2022-11-25 12:00:00,1350770.7942291866
2022-11-25 13:00:00,1349380.932434967
2022-11-25 14:00:00,1347307.7641422227
2022-11-25 15:00:00,1353219.5873749743
2022-11-25 16:00:00,1348069.8510863888
2022-11-25 17:00:00,1346889.8244249418
2022-11-25 18:00:00,1349115.3318157564
2022-11-25 19:00:00,1346534.8682246336
2022-11-25 20:00:00,1350532.4214448335
2022-11-25 21:00:00,1350131.8365320195
2022-11-25 22:00:00,1349602.8028076722
2022-11-25 23:00:00,1352673.6311760768
2022-11-26 00:00:00,1349278.8590003042
2022-11-26 01:00:00,1353463.321342312
2022-11-26 02:00:00,1359816.202809344
2022-11-26 03:00:00,1358826.036937026
2022-11-26 04:00:00,1358235.3384222782
2022-11-26 05:00:00,1357870.3200944138
2022-11-26 06:00:00,1359359.123846399
2022-11-26 07:00:00,1354447.3777755564
2022-11-26 08:00:00,1353670.2909000344
2022-11-26 09:00:00,1354604.8375832716
2022-11-26 10:00:00,1355992.4207677692
2022-11-26 11:00:00,1356884.1206964855
2022-11-26 12:00:00,1354739.1199138497
2022-11-26 13:00:00,1354230.4608730013
2022-11-26 14:00:00,1356417.8134617805
2022-11-26 15:00:00,1351568.205149592
2022-11-26 16:00:00,1349608.9574101418
2022-11-26 17:00:00,1348363.4358267784
2022-11-26 18:00:00,1350169.8518011263
2022-11-26 19:00:00,1347609.0205284376
2022-11-26 20:00:00,1349870.5070397155
2022-11-26 21:00:00,1348185.3136798937
2022-11-26 22:00:00,1348697.4773167889
2022-11-26 23:00:00,1341280.2451949806
2022-11-27 00:00:00,1344718.796444368
2022-11-27 01:00:00,1345846.8586102442
2022-11-27 02:00:00,1347289.0454999954
2022-11-27 03:00:00,1350042.6754657875
2022-11-27 04:00:00,1350431.42057564
2022-11-27 05:00:00,1354203.9436029373
2022-11-27 06:00:00,1353204.017813205
2022-11-27 07:00:00,1353102.0575935945
2022-11-27 08:00:00,1353506.5446061194
2022-11-27 09:00:00,1351208.3111174554
2022-11-27 10:00:00,1350121.6346218856
2022-11-27 11:00:00,1353358.3528857136
2022-11-27 12:00:00,1351571.0966803834
2022-11-27 13:00:00,1353531.5376409525
2022-11-27 14:00:00,1350966.4186668247
2022-11-27 15:00:00,1351646.98905411
2022-11-27 16:00:00,1353849.056353715
2022-11-27 17:00:00,1353129.9409979233
2022-11-27 18:00:00,1350236.891727672
2022-11-27 19:00:00,1351781.3822516778
2022-11-27 20:00:00,1351550.4265302278
2022-11-27 21:00:00,1352781.0292876668
2022-11-27 22:00:00,1355543.4962654463
2022-11-27 23:00:00,1355306.4063862597
2022-11-28 00:00:00,1344202.5145170945
2022-11-28 01:00:00,1345822.1095619544
2022-11-28 02:00:00,1322699.6833129334
2022-11-28 03:00:00,1320606.1278924334
2022-11-28 04:00:00,1324058.1502392725
2022-11-28 05:00:00,1324132.9114339782
2022-11-28 06:00:00,1323302.28063643
2022-11-28 07:00:00,1325911.4623373672
2022-11-28 08:00:00,1325595.5358671434
2022-11-28 09:00:00,1326074.9062475483
2022-11-28 10:00:00,1325718.295931159
2022-11-28 11:00:00,1322609.4448517093
2022-11-28 12:00:00,1322784.337578144
2022-11-28 13:00:00,1324507.0686666463
2022-11-28 14:00:00,1323735.179526644
2022-11-28 15:00:00,1327646.1517785075
2022-11-28 16:00:00,1317958.4829337613
2022-11-28 17:00:00,1341852.9646380038
2022-11-28 18:00:00,1324375.583458529
2022-11-28 19:00:00,1320259.7409142891
2022-11-28 20:00:00,1325584.8119614823
2022-11-28 21:00:00,1327485.049107777
2022-11-28 22:00:00,1322987.7214546853
2022-11-28 23:00:00,1324611.7564431343
2022-11-29 00:00:00,1324575.9829501854
2022-11-29 01:00:00,1321498.5496249981
2022-11-29 02:00:00,1327029.7336173821
2022-11-29 03:00:00,1328422.6469303756
2022-11-29 04:00:00,1329533.5114540074
2022-11-29 05:00:00,1342042.1818760557
2022-11-29 06:00:00,1346743.0222075866
2022-11-29 07:00:00,1345953.066452787
2022-11-29 08:00:00,1344993.657829959
2022-11-29 09:00:00,1348463.7136525593
2022-11-29 10:00:00,1350903.247556911
2022-11-29 11:00:00,1349549.5380306067
2022-11-29 12:00:00,1348048.1206208991
2022-11-29 13:00:00,1346549.483228801
2022-11-29 14:00:00,1341744.1886943635
2022-11-29 15:00:00,1340089.1879230994
2022-11-29 16:00:00,1340934.760388681
2022-11-29 17:00:00,1339776.0517350875
2022-11-29 18:00:00,1337930.8219681461
2022-11-29 19:00:00,1340062.6904952559
2022-11-29 20:00:00,1341459.7480525142
2022-11-29 21:00:00,1346742.9838813771
2022-11-29 22:00:00,1344628.6826099374
2022-11-29 23:00:00,1345002.1201116045
2022-11-30 00:00:00,1342576.8738895399
2022-11-30 01:00:00,1374556.1710064702
2022-11-30 02:00:00,1378441.5553137118
2022-11-30 03:00:00,1388663.442215642
2022-11-30 04:00:00,1377786.4219469016
2022-11-30 05:00:00,1377577.689332551
2022-11-30 06:00:00,1377539.6207851048
2022-11-30 07:00:00,1376703.733389593
2022-11-30 08:00:00,1378187.1647218275
2022-11-30 09:00:00,1377748.3092546042
2022-11-30 10:00:00,1377028.983069845
2022-11-30 10:00:00,1377425.1777942285
2022-11-30 11:00:00,1377097.2549639535
2022-11-30 12:00:00,1374279.4288464312
2022-11-30 13:00:00,1370044.1843173564
2022-11-30 14:00:00,1372007.1222810175
2022-11-30 15:00:00,1374974.2151507803
2022-11-30 16:00:00,1377057.3248632874
2022-11-30 17:00:00,1375963.2458755914
2022-11-30 18:00:00,1365248.574286199
2022-11-30 19:00:00,1381143.7992604082
2022-11-30 20:00:00,1389561.2362434336
2022-11-30 21:00:00,1390449.9789264838
2022-11-30 22:00:00,1389955.6063761187
2022-11-30 23:00:00,1400724.9544012118
2022-12-01 00:00:00,1397357.9582657448
2022-12-01 01:00:00,1399591.2320815315
2022-12-01 02:00:00,1393593.6528231716
2022-12-01 03:00:00,1390982.5000346473
2022-12-01 04:00:00,1390160.3133769867
2022-12-01 05:00:00,1394795.3761513839
2022-12-01 06:00:00,1392295.485342752
2022-12-01 07:00:00,1390048.314848528
2022-12-01 08:00:00,1391723.8364328877
2022-12-01 09:00:00,1390248.2512628755
2022-12-01 10:00:00,1392009.700155911
2022-12-01 11:00:00,1390608.4575718225
2022-12-01 12:00:00,1393852.4379104713
2022-12-01 13:00:00,1393545.6199857008
2022-12-01 14:00:00,1391513.3057771404
2022-12-01 15:00:00,1393140.489236348
2022-12-01 16:00:00,1381745.1033171806
2022-12-01 17:00:00,1380161.389453858
2022-12-01 18:00:00,1383570.4986574415
2022-12-01 19:00:00,1374939.3509541885
2022-12-01 20:00:00,1380980.188598233
2022-12-01 21:00:00,1375586.064194697
2022-12-01 22:00:00,1379420.9663474937
2022-12-01 23:00:00,1382636.5687828145
2022-12-02 00:00:00,1377548.5947072385
2022-12-02 01:00:00,1388748.6666319328
2022-12-02 02:00:00,1375664.978585922
2022-12-02 03:00:00,1375449.467586632
2022-12-02 04:00:00,1370810.874488159
2022-12-02 05:00:00,1375281.4848128618
2022-12-02 06:00:00,1375672.7203196103
2022-12-02 07:00:00,1375673.4055122645
2022-12-02 08:00:00,1377607.633383892
2022-12-02 09:00:00,1379615.8501979383
2022-12-02 10:00:00,1381405.8562500034
2022-12-02 11:00:00,1384801.3136979372
2022-12-02 12:00:00,1384118.3792472677
2022-12-02 13:00:00,1384977.4185567524
2022-12-02 14:00:00,1375650.0501740272
2022-12-02 15:00:00,1380672.935599104
2022-12-02 16:00:00,1383893.632524731
2022-12-02 17:00:00,1383997.7275751126
2022-12-02 18:00:00,1384048.3501137008
2022-12-02 19:00:00,1381668.4412142534
2022-12-02 20:00:00,1382494.2858882812
2022-12-02 21:00:00,1384748.6626607773
2022-12-02 22:00:00,1386898.9117095345
2022-12-02 23:00:00,1390088.2713144186
2022-12-03 00:00:00,1396099.6872212929
2022-12-03 01:00:00,1388945.7322482762
2022-12-03 02:00:00,1391963.2507953644
2022-12-03 03:00:00,1387289.498795686
2022-12-03 04:00:00,1386582.4459654742
2022-12-03 05:00:00,1387364.1062951067
2022-12-03 06:00:00,1386462.8632000023
2022-12-03 07:00:00,1382615.3841756035
2022-12-03 08:00:00,1382209.5380164052
2022-12-03 09:00:00,1379701.6234310444
2022-12-03 10:00:00,1382197.1589612674
2022-12-03 11:00:00,1381953.7380547596
2022-12-03 12:00:00,1381017.2051637918
2022-12-03 13:00:00,1382487.5866770172
2022-12-03 14:00:00,1380728.1041719904
2022-12-03 15:00:00,1383464.1609631833
2022-12-03 16:00:00,1382585.721411388
2022-12-03 17:00:00,1381120.528687748
2022-12-03 18:00:00,1383265.1332324354
2022-12-03 19:00:00,1383246.4395963755
2022-12-03 20:00:00,1382363.5165953818
2022-12-03 21:00:00,1380098.9557418507
2022-12-03 22:00:00,1385141.8298717588
2022-12-03 23:00:00,1375308.107370931
2022-12-04 00:00:00,1378096.4521849444
2022-12-04 01:00:00,1381257.2521738468
2022-12-04 02:00:00,1382831.788354904
2022-12-04 03:00:00,1383397.2505801457
2022-12-04 04:00:00,1386088.649299736
2022-12-04 05:00:00,1384759.8767592832
2022-12-04 06:00:00,1386019.34619449
2022-12-04 07:00:00,1384828.847738248
2022-12-04 08:00:00,1384860.5389509646
2022-12-04 09:00:00,1385888.0357923205
2022-12-04 10:00:00,1385320.5779159532
2022-12-04 11:00:00,1385761.921852612
2022-12-04 12:00:00,1381001.514650898
2022-12-04 13:00:00,1381477.413539467
2022-12-04 14:00:00,1380230.3482302912
2022-12-04 15:00:00,1385681.1847934397
2022-12-04 16:00:00,1386907.334754035
2022-12-04 17:00:00,1386339.9976759201
2022-12-04 18:00:00,1388632.9646421198
2022-12-04 19:00:00,1389718.289139989
2022-12-04 20:00:00,1393023.5505496338
2022-12-04 21:00:00,1393446.477825632
2022-12-04 22:00:00,1394078.842245906
2022-12-04 23:00:00,1393650.4557157361
2022-12-05 00:00:00,1395083.3678931696
2022-12-05 01:00:00,1404532.4061948666
2022-12-05 02:00:00,1402506.040458846
2022-12-05 03:00:00,1404376.6777042877
2022-12-05 04:00:00,1399590.3920982687
2022-12-05 05:00:00,1413385.7931905293
2022-12-05 06:00:00,1413682.2265581216
2022-12-05 07:00:00,1412158.1915316535
2022-12-05 08:00:00,1418211.2283947435
2022-12-05 09:00:00,1418535.0889157797
2022-12-05 10:00:00,1416604.6501539797
2022-12-05 11:00:00,1418150.9116623397
2022-12-05 12:00:00,1415920.9327006887
2022-12-05 13:00:00,1410788.3863864087
2022-12-05 14:00:00,1412120.4824908916
2022-12-05 15:00:00,1409057.5268444114
2022-12-05 16:00:00,1398314.4472827201
2022-12-05 17:00:00,1396939.2994486482
2022-12-05 18:00:00,1397376.9274364342
2022-12-05 19:00:00,1398201.780507248
2022-12-05 20:00:00,1387458.2134397947
2022-12-05 21:00:00,1387604.8657206187
2022-12-05 22:00:00,1390141.2948468442
2022-12-05 23:00:00,1388768.6783870514
2022-12-06 00:00:00,1390085.6831732076
2022-12-06 01:00:00,1397859.3949463652
2022-12-06 02:00:00,1396157.474530541
2022-12-06 03:00:00,1395531.2251947487
2022-12-06 04:00:00,1399805.044178709
2022-12-06 05:00:00,1400735.9274151355
2022-12-06 06:00:00,1397366.942569097
2022-12-06 07:00:00,1399117.1502237592
2022-12-06 08:00:00,1398597.001194082
2022-12-06 09:00:00,1403556.3712168692
2022-12-06 10:00:00,1402596.0387560204
2022-12-06 11:00:00,1398938.73132379
2022-12-06 12:00:00,1399319.6473588336
2022-12-06 13:00:00,1401636.4813012548
2022-12-06 14:00:00,1400302.7058877603
2022-12-06 15:00:00,1401366.6475945609
2022-12-06 16:00:00,1401943.0958005902
2022-12-06 17:00:00,1401935.9743691802
2022-12-06 18:00:00,1398729.0718006766
2022-12-06 19:00:00,1400650.2648373144
2022-12-06 20:00:00,1399116.9429604516
2022-12-06 21:00:00,1398969.0754449859
2022-12-06 22:00:00,1399949.0309569077
2022-12-06 23:00:00,1399019.2544532372
2022-12-07 00:00:00,1407386.3537131513
2022-12-07 01:00:00,1407584.4284554035
2022-12-07 02:00:00,1405464.402301247
2022-12-07 03:00:00,1405544.3838051716
2022-12-07 04:00:00,1406520.8642533899
2022-12-07 05:00:00,1406059.2963746954
2022-12-07 06:00:00,1404494.1632831045
2022-12-07 07:00:00,1398534.4700249264
2022-12-07 08:00:00,1383378.9220223625
2022-12-07 09:00:00,1387257.2345571804
2022-12-07 10:00:00,1389779.3617539392
2022-12-07 11:00:00,1387828.6126195223
2022-12-07 12:00:00,1384529.8644051119
2022-12-07 13:00:00,1384340.9835762295
2022-12-07 14:00:00,1387589.9576106237
2022-12-07 15:00:00,1385629.8326831153
2022-12-07 16:00:00,1384891.8193419387
2022-12-07 17:00:00,1384114.01860729
2022-12-07 18:00:00,1383404.572424974
2022-12-07 19:00:00,1382597.3956929331
2022-12-07 20:00:00,1383991.8494500327
2022-12-07 21:00:00,1384032.1001093702
2022-12-07 22:00:00,1383513.163600604
2022-12-07 23:00:00,1386129.3614068574
2022-12-08 00:00:00,1385909.190650578
2022-12-08 01:00:00,1386940.9113665486
2022-12-08 02:00:00,1387001.6674428426
2022-12-08 03:00:00,1386436.718905552
2022-12-08 04:00:00,1386028.5932810884
2022-12-08 05:00:00,1384076.1296303896
2022-12-08 06:00:00,1384453.9104410114
2022-12-08 07:00:00,1383612.0216588094
2022-12-08 08:00:00,1385535.0728014044
2022-12-08 09:00:00,1387127.1906267952
2022-12-08 10:00:00,1386292.5052568724
2022-12-08 11:00:00,1386263.466561314
2022-12-08 12:00:00,1389971.0585464416
2022-12-08 13:00:00,1387177.9091602997
2022-12-08 14:00:00,1386838.6249716643
2022-12-08 15:00:00,1389834.9583351635
2022-12-08 16:00:00,1393203.328970654
2022-12-08 17:00:00,1393326.5353709103
2022-12-08 18:00:00,1397075.5692381458
2022-12-08 19:00:00,1419623.5260872366
2022-12-08 20:00:00,1419213.0773861792
2022-12-08 21:00:00,1410773.702114133
2022-12-08 22:00:00,1413785.7531314334
2022-12-08 23:00:00,1415617.6665739692
2022-12-09 00:00:00,1417348.7334635896
2022-12-09 01:00:00,1415443.0000286964
2022-12-09 02:00:00,1419036.5624230336
2022-12-09 03:00:00,1417115.650730447
2022-12-09 04:00:00,1414925.1432397673
2022-12-09 05:00:00,1414423.5710101807
2022-12-09 06:00:00,1416166.0320782117
2022-12-09 07:00:00,1415052.832684391
2022-12-09 08:00:00,1414048.154149055
2022-12-09 09:00:00,1415088.8458431312
2022-12-09 10:00:00,1420028.1849060114
2022-12-09 11:00:00,1417246.6169171187
2022-12-09 12:00:00,1420763.202548192
2022-12-09 13:00:00,1419783.8349764233
2022-12-09 14:00:00,1414458.7291697648
2022-12-09 15:00:00,1413882.2557063187
2022-12-09 16:00:00,1417528.5963358274
2022-12-09 17:00:00,1415030.0871847107
2022-12-09 18:00:00,1415229.9652740974
2022-12-09 19:00:00,1413666.562643214
2022-12-09 20:00:00,1412938.808100235
2022-12-09 21:00:00,1411856.7443779153
2022-12-09 22:00:00,1411550.3748250885
2022-12-09 23:00:00,1412992.5886499635
2022-12-10 00:00:00,1412886.8891605106
2022-12-10 01:00:00,1413799.6570967727
2022-12-10 02:00:00,1415181.6237506366
2022-12-10 03:00:00,1413641.685378594
2022-12-10 04:00:00,1414364.0305700798
2022-12-10 05:00:00,1414625.417666902
2022-12-10 06:00:00,1412818.5821725426
2022-12-10 07:00:00,1413861.1785343897
2022-12-10 08:00:00,1415318.7644767743
2022-12-10 09:00:00,1414199.2980991004
2022-12-10 10:00:00,1412972.1565080143
2022-12-10 11:00:00,1415880.4986423072
2022-12-10 12:00:00,1415547.8359922653
2022-12-10 13:00:00,1414913.5673747833
2022-12-10 14:00:00,1414600.6356355362
2022-12-10 15:00:00,1415108.1243689707
2022-12-10 16:00:00,1419405.6104078311
2022-12-10 17:00:00,1416730.7635795998
2022-12-10 18:00:00,1417304.623138884
2022-12-10 19:00:00,1417602.1456313315
2022-12-10 20:00:00,1416760.866861848
2022-12-10 21:00:00,1416381.0326095398
2022-12-10 22:00:00,1413969.5591672475
2022-12-10 23:00:00,1413191.7786836552
2022-12-11 00:00:00,1411496.2172263556
2022-12-11 01:00:00,1413692.5547493391
2022-12-11 02:00:00,1415319.4208013169
2022-12-11 03:00:00,1413732.6505104713
2022-12-11 04:00:00,1415046.1151659456
2022-12-11 05:00:00,1416149.4750087948
2022-12-11 06:00:00,1416113.7607133745
2022-12-11 07:00:00,1416512.6775238176
2022-12-11 08:00:00,1417030.9353476583
2022-12-11 09:00:00,1416951.1901625893
2022-12-11 10:00:00,1415965.229087951
2022-12-11 11:00:00,1415950.0633048182
2022-12-11 12:00:00,1416145.2963495047
2022-12-11 13:00:00,1415865.2131049766
2022-12-11 14:00:00,1414336.0727867342
2022-12-11 15:00:00,1414932.625348287
2022-12-11 16:00:00,1414126.981427426
2022-12-11 17:00:00,1415578.461476539
2022-12-11 18:00:00,1418108.6822332966
2022-12-11 19:00:00,1420597.597255965
2022-12-11 20:00:00,1416791.6026021203
2022-12-11 21:00:00,1410488.6812928522
2022-12-11 22:00:00,1410845.0592043607
2022-12-11 23:00:00,1410223.978335116
2022-12-12 00:00:00,1409603.0451106192
2022-12-12 01:00:00,1401185.9606533425
2022-12-12 02:00:00,1398045.5711038578
2022-12-12 03:00:00,1391412.093295337
2022-12-12 04:00:00,1397820.5586969804
2022-12-12 05:00:00,1400093.8805094457
2022-12-12 06:00:00,1402130.081046826
2022-12-12 07:00:00,1398382.2339582657
2022-12-12 08:00:00,1397214.7758767311
2022-12-12 09:00:00,1399144.9144951445
2022-12-12 10:00:00,1400506.225929449
2022-12-12 11:00:00,1403474.7278263532
2022-12-12 12:00:00,1402964.382434244
2022-12-12 13:00:00,1401264.0476823298
2022-12-12 14:00:00,1404217.7755626058
2022-12-12 15:00:00,1404228.3698672014
2022-12-12 16:00:00,1406386.2653816338
2022-12-12 17:00:00,1407295.280211177
2022-12-12 18:00:00,1406746.5287239267
2022-12-12 19:00:00,1408433.1846030706
2022-12-12 20:00:00,1408308.0473319963
2022-12-12 21:00:00,1414766.1991259023
2022-12-12 22:00:00,1420462.0817220698
2022-12-12 23:00:00,1418772.5037756558
2022-12-13 00:00:00,1419806.7353403596
2022-12-13 01:00:00,1419041.012912483
2022-12-13 02:00:00,1418312.2730314196
2022-12-13 03:00:00,1418023.1004750826
2022-12-13 04:00:00,1419596.220188852
2022-12-13 05:00:00,1420681.9624176647
2022-12-13 06:00:00,1421572.557618056
2022-12-13 07:00:00,1422051.1405678368
2022-12-13 08:00:00,1417485.821717923
2022-12-13 09:00:00,1420713.535647977
2022-12-13 10:00:00,1424851.5709869908
2022-12-13 11:00:00,1442166.2656420819
2022-12-13 12:00:00,1444871.7701967105
2022-12-13 13:00:00,1443924.926591764
2022-12-13 14:00:00,1475942.388497195
2022-12-13 15:00:00,1473703.1412177396
2022-12-13 16:00:00,1463678.9985715249
2022-12-13 17:00:00,1463603.3209994577
2022-12-13 18:00:00,1454414.1399033556
2022-12-13 19:00:00,1461733.5039815367
2022-12-13 20:00:00,1463131.604286446
2022-12-13 21:00:00,1464334.0751803818
2022-12-13 22:00:00,1464418.386013366
2022-12-13 23:00:00,1466126.141144281
2022-12-14 00:00:00,1464899.0621084408
2022-12-14 01:00:00,1468132.5429174015
2022-12-14 02:00:00,1465358.8464719693
2022-12-14 03:00:00,1469550.2554844928
2022-12-14 04:00:00,1471156.9847357315
2022-12-14 05:00:00,1468777.5594011077
2022-12-14 06:00:00,1470612.9146934804
2022-12-14 07:00:00,1468184.946312382
2022-12-14 08:00:00,1469826.7482234754
2022-12-14 09:00:00,1470881.4029041883
2022-12-14 10:00:00,1468650.1769452372
2022-12-14 11:00:00,1470811.103597646
2022-12-14 12:00:00,1472543.4300906945
2022-12-14 13:00:00,1476179.5224419276
2022-12-14 14:00:00,1475050.7844745668
2022-12-14 15:00:00,1492993.867115581
2022-12-14 16:00:00,1491097.0900653885
2022-12-14 17:00:00,1494188.451821073
2022-12-14 18:00:00,1493654.3574969482
2022-12-14 19:00:00,1510926.994441183
2022-12-14 20:00:00,1470972.1346633057
2022-12-14 21:00:00,1466522.1622083427
2022-12-14 22:00:00,1471726.9540926127
2022-12-14 23:00:00,1470870.8049398807
2022-12-15 00:00:00,1469214.5608304434
2022-12-15 01:00:00,1467882.6870253917
2022-12-15 02:00:00,1453836.36624589
2022-12-15 03:00:00,1463186.265203391
2022-12-15 04:00:00,1466522.33373019
2022-12-15 05:00:00,1463106.707127645
2022-12-15 06:00:00,1460221.1296098952
2022-12-15 07:00:00,1461992.3624802649
2022-12-15 08:00:00,1461144.9454295046
2022-12-15 09:00:00,1459953.69256053
2022-12-15 10:00:00,1463144.4441485195
2022-12-15 11:00:00,1463094.3092697833
2022-12-15 12:00:00,1468159.9257559797
2022-12-15 13:00:00,1463898.91041425
2022-12-15 14:00:00,1448464.5423736223
2022-12-15 15:00:00,1445130.0828533466
2022-12-15 16:00:00,1443729.1840308628
2022-12-15 17:00:00,1443252.5173887801
2022-12-15 18:00:00,1443346.9403540236
2022-12-15 19:00:00,1440814.6696921166
2022-12-15 20:00:00,1445962.5871108857
2022-12-15 21:00:00,1443314.5051247433
2022-12-15 22:00:00,1441832.3462491462
2022-12-15 23:00:00,1436535.6568366585
2022-12-16 00:00:00,1436680.816076241
2022-12-16 01:00:00,1441499.307869453
2022-12-16 02:00:00,1441761.1456100964
2022-12-16 03:00:00,1440605.440276132
2022-12-16 04:00:00,1443354.067401223
2022-12-16 05:00:00,1441195.9858149204
2022-12-16 06:00:00,1441969.5593746966
2022-12-16 07:00:00,1442727.2463069723
2022-12-16 08:00:00,1447606.87040753
2022-12-16 09:00:00,1434946.418681369
2022-12-16 10:00:00,1411459.2956379731
2022-12-16 11:00:00,1408118.0585003851
2022-12-16 12:00:00,1407465.5549955019
2022-12-16 13:00:00,1408534.3771520297
2022-12-16 14:00:00,1402129.1355482454
2022-12-16 15:00:00,1408102.7509864655
2022-12-16 16:00:00,1405886.2935560185
2022-12-16 17:00:00,1394687.1715745104
2022-12-16 18:00:00,1390148.811478377
2022-12-16 19:00:00,1390561.227317905
2022-12-16 20:00:00,1395381.574482628
2022-12-16 21:00:00,1397469.2131546082
2022-12-16 22:00:00,1392007.550403447
2022-12-16 23:00:00,1384188.1625772133
2022-12-17 00:00:00,1376680.9340371883
2022-12-17 01:00:00,1383191.6272382853
2022-12-17 02:00:00,1380097.7934792268
2022-12-17 03:00:00,1378678.1377028397
2022-12-17 04:00:00,1379467.0167787361
2022-12-17 05:00:00,1381738.951367785
2022-12-17 06:00:00,1379413.8343949805
2022-12-17 07:00:00,1381942.979431662
2022-12-17 08:00:00,1385946.8210384373
2022-12-17 09:00:00,1383880.2074905024
2022-12-17 10:00:00,1380659.0245231064
2022-12-17 11:00:00,1386524.336244125
2022-12-17 12:00:00,1383855.712237637
2022-12-17 13:00:00,1381341.7645480703
2022-12-17 14:00:00,1379090.5916711462
2022-12-17 15:00:00,1378849.4065107652
2022-12-17 16:00:00,1383471.8564780368
2022-12-17 17:00:00,1381197.7181939662
2022-12-17 18:00:00,1379782.8870119965
2022-12-17 19:00:00,1381740.9549619653
2022-12-17 20:00:00,1380271.1264449398
2022-12-17 21:00:00,1381131.8973869581
2022-12-17 22:00:00,1381807.863465481
2022-12-17 23:00:00,1384392.2614456138
2022-12-18 00:00:00,1387718.7665306155
2022-12-18 01:00:00,1384974.7811238358
2022-12-18 02:00:00,1382389.7795558264
2022-12-18 03:00:00,1383334.0590730794
2022-12-18 04:00:00,1384502.8498301911
2022-12-18 05:00:00,1386646.7627309326
2022-12-18 06:00:00,1384926.4471058552
2022-12-18 07:00:00,1384101.178411274
2022-12-18 08:00:00,1384884.170168702
2022-12-18 09:00:00,1385623.6701350252
2022-12-18 10:00:00,1382131.715221551
2022-12-18 11:00:00,1381839.7074496169
2022-12-18 12:00:00,1382202.2233250265
2022-12-18 13:00:00,1383023.4984995076
2022-12-18 14:00:00,1382238.7495682577
2022-12-18 15:00:00,1380826.298407763
2022-12-18 16:00:00,1379819.4665851174
2022-12-18 17:00:00,1380743.8519248418
2022-12-18 18:00:00,1382757.379813578
2022-12-18 19:00:00,1383093.8777157583
2022-12-18 20:00:00,1384750.6299909416
2022-12-18 21:00:00,1386467.1171374766
2022-12-18 22:00:00,1385086.8999949843
2022-12-18 23:00:00,1389693.882477085
2022-12-19 00:00:00,1384917.5751203587
2022-12-19 01:00:00,1388739.8412050286
2022-12-19 02:00:00,1388481.3979495962
2022-12-19 03:00:00,1383891.7253549206
2022-12-19 04:00:00,1380162.3738522374
2022-12-19 05:00:00,1383631.7905483574
2022-12-19 06:00:00,1382141.8021031264
2022-12-19 07:00:00,1384380.814839267
2022-12-19 08:00:00,1382130.392278161
2022-12-19 09:00:00,1385449.9581997907
2022-12-19 10:00:00,1386418.6325279083
2022-12-19 11:00:00,1386434.1383133742
2022-12-19 12:00:00,1383890.7546283673
2022-12-19 13:00:00,1384199.199427034
2022-12-19 14:00:00,1381839.2118234264
2022-12-19 15:00:00,1380039.4157302233
2022-12-19 16:00:00,1381921.73513546
2022-12-19 17:00:00,1374758.030729635
2022-12-19 18:00:00,1370950.0576315406
2022-12-19 19:00:00,1367465.5426632764
2022-12-19 20:00:00,1369007.8690223545
2022-12-19 21:00:00,1372198.1701691335
2022-12-19 22:00:00,1370881.6150251275
2022-12-19 23:00:00,1355241.4168874791
2022-12-20 00:00:00,1358828.357004623
2022-12-20 01:00:00,1360683.6156662067
2022-12-20 02:00:00,1370110.491327137
2022-12-20 03:00:00,1385334.9421172058
2022-12-20 04:00:00,1381685.1101497447
2022-12-20 05:00:00,1390824.7544795948
2022-12-20 06:00:00,1391884.4152444028
2022-12-20 07:00:00,1393958.3392645977
2022-12-20 08:00:00,1391401.3593299151
2022-12-20 09:00:00,1391893.5423675014
2022-12-20 10:00:00,1391227.1480120705
2022-12-20 11:00:00,1388670.2092985716
2022-12-20 12:00:00,1391013.506152392
2022-12-20 13:00:00,1392271.153084418
2022-12-20 14:00:00,1389377.999789255
2022-12-20 15:00:00,1397830.8281455855
2022-12-20 16:00:00,1399438.6137450456
2022-12-20 17:00:00,1392302.913183038
2022-12-20 18:00:00,1389654.637079884
2022-12-20 19:00:00,1392746.8763483602
2022-12-20 20:00:00,1396757.3013254362
2022-12-20 21:00:00,1392058.813446653
2022-12-20 22:00:00,1396125.956225104
2022-12-20 23:00:00,1396385.7167778641
2022-12-21 00:00:00,1397895.894494022
2022-12-21 01:00:00,1391412.2679126863
2022-12-21 02:00:00,1396984.6119214674
2022-12-21 03:00:00,1394820.835711354
2022-12-21 04:00:00,1393617.0918670031
2022-12-21 05:00:00,1389149.0581463713
2022-12-21 06:00:00,1393687.8972238281
2022-12-21 07:00:00,1394238.9520472174
2022-12-21 08:00:00,1392591.0630420032
2022-12-21 09:00:00,1393170.1446000666
2022-12-21 10:00:00,1397219.7089167172
2022-12-21 11:00:00,1397011.5933308525
2022-12-21 12:00:00,1396939.039224429
2022-12-21 13:00:00,1396702.9898871551
2022-12-21 14:00:00,1395118.229440399
2022-12-21 15:00:00,1393768.6655371455
2022-12-21 16:00:00,1399025.4431271914
2022-12-21 17:00:00,1394253.0298130545
2022-12-21 18:00:00,1393598.1169678695
2022-12-21 19:00:00,1393434.8866133841
2022-12-21 20:00:00,1388592.0531276693
2022-12-21 21:00:00,1391204.6148606746
2022-12-21 22:00:00,1391509.3117261338
2022-12-21 23:00:00,1390413.6332993035
2022-12-22 00:00:00,1394241.0143721763
2022-12-22 01:00:00,1399183.4394566484
2022-12-22 02:00:00,1395327.3134257381
2022-12-22 03:00:00,1395970.9882868226
2022-12-22 04:00:00,1395577.885737888
2022-12-22 05:00:00,1394609.9494523378
2022-12-22 05:00:00,1394609.9494523378
2022-12-22 06:00:00,1391829.1088295686
2022-12-22 07:00:00,1391113.4104635546
2022-12-22 08:00:00,1390502.841928378
2022-12-22 09:00:00,1393426.5822914068
2022-12-22 10:00:00,1394885.0099466133
2022-12-22 11:00:00,1392513.3960659897
2022-12-22 12:00:00,1394613.6737509435
2022-12-22 13:00:00,1392559.0872322533
2022-12-22 14:00:00,1389123.971810405
2022-12-22 15:00:00,1383292.6986228977
2022-12-22 16:00:00,1381934.6480399987
2022-12-22 17:00:00,1380683.371926333
2022-12-22 18:00:00,1378276.8420095707
2022-12-22 19:00:00,1379413.651770106
2022-12-22 20:00:00,1381483.814226619
2022-12-22 21:00:00,1390489.6909617402
2022-12-22 22:00:00,1391772.920366416
2022-12-22 23:00:00,1392380.9460960117
2022-12-23 00:00:00,1394820.585964077
2022-12-23 01:00:00,1392775.7205438574
2022-12-23 02:00:00,1392458.3645263226
2022-12-23 03:00:00,1393488.6428251734
2022-12-23 04:00:00,1394128.7396040964
2022-12-23 05:00:00,1394667.3521335376
2022-12-23 06:00:00,1394455.0334598878
2022-12-23 07:00:00,1395700.8765755687
2022-12-23 08:00:00,1396412.688770358
2022-12-23 09:00:00,1395498.777032862
2022-12-23 10:00:00,1395580.4887784012
2022-12-23 11:00:00,1396930.1508124678
2022-12-23 12:00:00,1394777.0184755265
2022-12-23 13:00:00,1398186.2214665886
2022-12-23 14:00:00,1399502.8983310533
2022-12-23 15:00:00,1393069.9888181614
2022-12-23 16:00:00,1395956.050957178
2022-12-23 17:00:00,1394739.284645999
2022-12-23 18:00:00,1395825.6149349408
2022-12-23 19:00:00,1394797.962796077
2022-12-23 20:00:00,1395593.867050198
2022-12-23 21:00:00,1393145.819257794
2022-12-23 22:00:00,1389849.1814326737
2022-12-23 23:00:00,1387923.913006786
2022-12-24 00:00:00,1387060.5609388885
2022-12-24 01:00:00,1390107.6266051768
2022-12-24 02:00:00,1389313.1733409709
2022-12-24 03:00:00,1390132.8417433787
2022-12-24 04:00:00,1391811.8731267578
2022-12-24 05:00:00,1391440.2465268932
2022-12-24 06:00:00,1389978.7905542294
2022-12-24 07:00:00,1390257.7270875408
2022-12-24 08:00:00,1392676.5228441346
2022-12-24 09:00:00,1390962.0298380498
2022-12-24 10:00:00,1391362.7343318814
2022-12-24 11:00:00,1390493.8739632529
2022-12-24 12:00:00,1389911.3653700848
2022-12-24 13:00:00,1390694.5420900427
2022-12-24 14:00:00,1389944.3545646982
2022-12-24 15:00:00,1391061.635921572
2022-12-24 16:00:00,1391450.4233526788
2022-12-24 17:00:00,1391591.4067324647
2022-12-24 18:00:00,1391614.2589480851
2022-12-24 19:00:00,1391819.5832937688
2022-12-24 20:00:00,1392200.577640919
2022-12-24 21:00:00,1391765.220324092
2022-12-24 22:00:00,1390938.178093415
2022-12-24 23:00:00,1391701.7535957557
2022-12-25 00:00:00,1391771.7121758626
2022-12-25 01:00:00,1391877.740030593
2022-12-25 02:00:00,1391760.411173476
2022-12-25 03:00:00,1390774.7948139329
2022-12-25 04:00:00,1391264.7383101145
2022-12-25 05:00:00,1390830.094640568
2022-12-25 06:00:00,1390645.8654424432
2022-12-25 07:00:00,1390886.2991364172
2022-12-25 08:00:00,1390369.0866387517
2022-12-25 09:00:00,1391172.47251903
2022-12-25 10:00:00,1390981.6415388451
2022-12-25 11:00:00,1390602.5148017153
2022-12-25 12:00:00,1390517.0480941227
2022-12-25 13:00:00,1390461.8361570684
2022-12-25 14:00:00,1388950.400455297
2022-12-25 15:00:00,1386251.5354581675
2022-12-25 16:00:00,1389504.28507841
2022-12-25 17:00:00,1389431.7801475432
2022-12-25 18:00:00,1388365.5633748241
2022-12-25 19:00:00,1387266.4125788508
2022-12-25 20:00:00,1385263.3059388432
2022-12-25 21:00:00,1385517.86287199
2022-12-25 22:00:00,1389421.4147937808
2022-12-25 23:00:00,1390074.6327982643
2022-12-26 00:00:00,1392518.7372197548
2022-12-26 01:00:00,1391334.755870395
2022-12-26 02:00:00,1396084.534630746
2022-12-26 03:00:00,1398430.1563981783
2022-12-26 04:00:00,1399431.9781212506
2022-12-26 05:00:00,1398065.6493214604
2022-12-26 06:00:00,1396065.671287079
2022-12-26 07:00:00,1394414.7411668838
2022-12-26 08:00:00,1392867.7085287278
2022-12-26 09:00:00,1392305.2608224566
2022-12-26 10:00:00,1391848.1216695835
2022-12-26 11:00:00,1393300.5413783076
2022-12-26 12:00:00,1394151.356742603
2022-12-26 13:00:00,1395390.5384439665
2022-12-26 14:00:00,1393228.9585484557
2022-12-26 15:00:00,1392900.759965301
2022-12-26 16:00:00,1391347.7473054514
2022-12-26 17:00:00,1392604.4603973522
2022-12-26 18:00:00,1392714.620859546
2022-12-26 19:00:00,1392211.973963314
2022-12-26 20:00:00,1392884.4461885495
2022-12-26 21:00:00,1392907.1552209433
2022-12-26 22:00:00,1393148.6080289572
2022-12-26 23:00:00,1396389.951294302
2022-12-27 00:00:00,1400711.3590340454
2022-12-27 01:00:00,1398579.9062856818
2022-12-27 02:00:00,1398558.210740936
2022-12-27 03:00:00,1396593.7322583587
2022-12-27 04:00:00,1394885.935968957
2022-12-27 05:00:00,1397230.3452194494
2022-12-27 06:00:00,1396706.0910150066
2022-12-27 07:00:00,1396888.1650597148
2022-12-27 08:00:00,1396620.8959040048
2022-12-27 09:00:00,1395826.5587650165
2022-12-27 10:00:00,1399053.279662065
2022-12-27 11:00:00,1397266.1654669715
2022-12-27 12:00:00,1395295.6885831538
2022-12-27 13:00:00,1393184.5546126228
2022-12-27 14:00:00,1393244.6653325595
2022-12-27 15:00:00,1389101.0597460268
2022-12-27 16:00:00,1390123.8180865587
2022-12-27 17:00:00,1389438.4381368635
2022-12-27 18:00:00,1382345.5681610133
2022-12-27 19:00:00,1378750.6551270687
2022-12-27 20:00:00,1380524.1644705522
2022-12-27 21:00:00,1380448.3841171619
2022-12-27 22:00:00,1384742.4568831513
2022-12-27 23:00:00,1382397.8416163067
2022-12-28 00:00:00,1382309.6688711557
2022-12-28 01:00:00,1381587.7458531342
2022-12-28 02:00:00,1382380.7572085992
2022-12-28 03:00:00,1381477.9540793255
2022-12-28 04:00:00,1379141.0072501362
2022-12-28 05:00:00,1380784.2003376386
2022-12-28 06:00:00,1375292.2011849314
2022-12-28 07:00:00,1376963.421142323
2022-12-28 08:00:00,1379591.124111865
2022-12-28 08:00:00,1380485.591910209
2022-12-28 09:00:00,1379207.205578421
2022-12-28 10:00:00,1380118.6723292232
2022-12-28 11:00:00,1379397.6868218384
2022-12-28 12:00:00,1381071.5441381515
2022-12-28 13:00:00,1378995.0564435655
2022-12-28 14:00:00,1379335.5480204525
2022-12-28 15:00:00,1384047.67943328
2022-12-28 16:00:00,1371888.1323689441
2022-12-28 17:00:00,1374383.1597227235
2022-12-28 18:00:00,1376967.5609942956
2022-12-28 19:00:00,1377587.752540649
2022-12-28 20:00:00,1375042.6067150016
2022-12-28 21:00:00,1375319.7501684115
2022-12-28 22:00:00,1368205.7685339872
2022-12-28 23:00:00,1368376.7550063455
2022-12-29 00:00:00,1370494.4490756523
2022-12-29 01:00:00,1373575.1607589193
2022-12-29 02:00:00,1371433.1661928352
2022-12-29 03:00:00,1369419.8583756858
2022-12-29 04:00:00,1370252.1642922654
2022-12-29 05:00:00,1371452.130339714
2022-12-29 06:00:00,1373345.3977371051
2022-12-29 07:00:00,1371489.5345445308
2022-12-29 08:00:00,1370239.7532773605
2022-12-29 09:00:00,1368418.4065870035
2022-12-29 10:00:00,1374582.8105982973
2022-12-29 11:00:00,1375275.4651264623
2022-12-29 12:00:00,1374868.016988439
2022-12-29 13:00:00,1376601.6148918262
2022-12-29 14:00:00,1377966.9922271247
2022-12-29 15:00:00,1378051.8838114003
2022-12-29 16:00:00,1377079.2915231974
2022-12-29 17:00:00,1379983.6812878686
2022-12-29 18:00:00,1377171.465803711
2022-12-29 19:00:00,1376753.0336695206
2022-12-29 20:00:00,1376732.943008692
2022-12-29 21:00:00,1376661.1276288088
2022-12-29 22:00:00,1374983.9607391767
2022-12-29 23:00:00,1377102.324265579
2022-12-30 00:00:00,1378895.5182283865
2022-12-30 01:00:00,1377721.8311501655
2022-12-30 02:00:00,1376565.8308771078
2022-12-30 03:00:00,1374243.3117662268
2022-12-30 04:00:00,1373869.2884742757
2022-12-30 05:00:00,1374766.877969605
2022-12-30 06:00:00,1370606.2534426472
2022-12-30 07:00:00,1370012.3853628007
2022-12-30 08:00:00,1363878.6191190553
2022-12-30 09:00:00,1366040.6029797364
2022-12-30 10:00:00,1366919.4795416938
2022-12-30 11:00:00,1365325.196990795
2022-12-30 12:00:00,1363269.79287312
2022-12-30 13:00:00,1364294.6330409553
2022-12-30 14:00:00,1361413.5417839442
2022-12-30 15:00:00,1361290.3527142871
2022-12-30 16:00:00,1370740.2718076524
2022-12-30 17:00:00,1369156.254766595
2022-12-30 18:00:00,1367263.5786992346
2022-12-30 19:00:00,1370312.9596788797
2022-12-30 20:00:00,1365823.1670319058
2022-12-30 21:00:00,1369326.4448351478
2022-12-30 22:00:00,1372669.8958501408
2022-12-30 23:00:00,1372741.4856595616
2022-12-31 00:00:00,1374405.6652886458
2022-12-31 01:00:00,1372531.6989307164
2022-12-31 02:00:00,1371093.5149213423
2022-12-31 03:00:00,1371785.393080007
2022-12-31 04:00:00,1369943.1042036668
2022-12-31 05:00:00,1369621.7139870736
2022-12-31 06:00:00,1369077.8088544256
2022-12-31 07:00:00,1369243.0938461516
2022-12-31 08:00:00,1370806.8340497084
2022-12-31 09:00:00,1370424.9944977583
2022-12-31 10:00:00,1369427.1311716842
2022-12-31 11:00:00,1371268.4815826616
2022-12-31 12:00:00,1372300.8406536966
2022-12-31 13:00:00,1373179.252341453
2022-12-31 14:00:00,1374936.138846006
2022-12-31 15:00:00,1374169.7616294231
2022-12-31 16:00:00,1373877.8189577875
2022-12-31 17:00:00,1374724.1140712793
2022-12-31 18:00:00,1372573.2179469652
2022-12-31 19:00:00,1372340.3619187244
2022-12-31 20:00:00,1372467.6147576515
2022-12-31 21:00:00,1371880.3156906993
2022-12-31 22:00:00,1369986.3102617087
2022-12-31 23:00:00,1367504.061903131
2023-01-01 00:00:00,1369212.4783905693
2023-01-01 01:00:00,1369260.32362075
2023-01-01 02:00:00,1370501.2590235611
2023-01-01 03:00:00,1369508.3112125648
2023-01-01 04:00:00,1368943.642208421
2023-01-01 05:00:00,1367706.6764439596
2023-01-01 06:00:00,1368235.9152214555
2023-01-01 07:00:00,1369397.8673717298
2023-01-01 08:00:00,1368978.7245617406
2023-01-01 09:00:00,1367258.9661277863
2023-01-01 10:00:00,1368621.8348322532
2023-01-01 11:00:00,1370075.8982930589
2023-01-01 12:00:00,1370978.8722825716
2023-01-01 13:00:00,1371456.595417081
2023-01-01 14:00:00,1369932.6010484253
2023-01-01 15:00:00,1369212.3008021498
2023-01-01 16:00:00,1370416.094233599
2023-01-01 17:00:00,1371426.3202049066
2023-01-01 18:00:00,1372949.9212016603
2023-01-01 19:00:00,1373298.8129126055
2023-01-01 20:00:00,1375149.3657284547
2023-01-01 21:00:00,1374636.8710084998
2023-01-01 22:00:00,1374325.289704876
2023-01-01 23:00:00,1374100.4400986952
2023-01-02 00:00:00,1375213.1472654
2023-01-02 01:00:00,1372912.72292897
2023-01-02 02:00:00,1371393.1672720094
2023-01-02 03:00:00,1372540.2653177255
2023-01-02 04:00:00,1374069.8049642886
2023-01-02 05:00:00,1373762.1742545778
2023-01-02 06:00:00,1376257.7550316704
2023-01-02 07:00:00,1374699.9435991058
2023-01-02 08:00:00,1382281.5015967223
2023-01-02 09:00:00,1383846.5573104622
2023-01-02 10:00:00,1382933.016969664
2023-01-02 11:00:00,1385120.4472383482
2023-01-02 12:00:00,1384817.87379392
2023-01-02 13:00:00,1383833.234491183
2023-01-02 14:00:00,1381277.3433747848
2023-01-02 15:00:00,1377684.8211454663
2023-01-02 16:00:00,1381748.7149497713
2023-01-02 17:00:00,1383501.4473398123
2023-01-02 18:00:00,1382382.7983838643
2023-01-02 19:00:00,1382768.924925116
2023-01-02 20:00:00,1384179.421641079
2023-01-02 21:00:00,1383559.1974793673
2023-01-02 22:00:00,1384709.4484914676
2023-01-02 23:00:00,1382475.4339785206
2023-01-03 00:00:00,1379072.3257186178
2023-01-03 01:00:00,1382027.4876371971
2023-01-03 02:00:00,1379075.9756197834
2023-01-03 03:00:00,1379484.490397656
2023-01-03 04:00:00,1380245.9209555925
2023-01-03 05:00:00,1380864.943585291
2023-01-03 06:00:00,1384298.302739224
2023-01-03 07:00:00,1385338.8204272566
2023-01-03 08:00:00,1384382.8767870537
2023-01-03 09:00:00,1385293.0660882287
2023-01-03 10:00:00,1388179.0211310494
2023-01-03 11:00:00,1387001.3807648872
2023-01-03 12:00:00,1387312.6237970337
2023-01-03 13:00:00,1384455.4586328622
2023-01-03 14:00:00,1386244.1001906085
2023-01-03 15:00:00,1383964.8487861126
2023-01-03 16:00:00,1381741.3792668812
2023-01-03 17:00:00,1379478.8647990779
2023-01-03 18:00:00,1377380.5064428858
2023-01-03 19:00:00,1378114.5271261192
2023-01-03 20:00:00,1377166.2399825598
2023-01-03 21:00:00,1379697.3602310764
2023-01-03 22:00:00,1379898.639223774
2023-01-03 23:00:00,1380735.8379832301
2023-01-04 00:00:00,1380511.664498417
2023-01-04 01:00:00,1379360.8608985562
2023-01-04 02:00:00,1383921.9094111426
2023-01-04 03:00:00,1386651.9162396702
2023-01-04 04:00:00,1393932.5454106685
2023-01-04 04:00:00,1393932.5454106685
2023-01-04 05:00:00,1396968.2140253526
2023-01-04 06:00:00,1396405.5027963107
2023-01-04 07:00:00,1398173.247446973
2023-01-04 08:00:00,1397059.5651466602
2023-01-04 09:00:00,1397545.3038736382
2023-01-04 10:00:00,1394480.6572043055
2023-01-04 11:00:00,1394046.7826501217
2023-01-04 12:00:00,1394599.6003673235
2023-01-04 13:00:00,1392596.1761733762
2023-01-04 14:00:00,1392758.8456213672
2023-01-04 15:00:00,1394149.8407987726
2023-01-04 16:00:00,1394733.1311814834
2023-01-04 17:00:00,1394518.3358760206
2023-01-04 18:00:00,1399681.421639303
2023-01-04 19:00:00,1403469.6791906748
2023-01-04 20:00:00,1391387.294787807
2023-01-04 21:00:00,1389972.3832760856
2023-01-04 22:00:00,1390976.6216589916
2023-01-04 23:00:00,1390867.5094985324
2023-01-05 00:00:00,1393859.8736114989
2023-01-05 01:00:00,1393783.43074336
2023-01-05 02:00:00,1392942.2283155841
2023-01-05 03:00:00,1393108.3533976446
2023-01-05 04:00:00,1392370.0918237623
2023-01-05 05:00:00,1394488.128196297
2023-01-05 06:00:00,1393905.4527612778
2023-01-05 07:00:00,1391532.5851787534
2023-01-05 08:00:00,1391612.528551651
2023-01-05 09:00:00,1389367.7276771092
2023-01-05 10:00:00,1387338.9133008355
2023-01-05 11:00:00,1387782.8814609854
2023-01-05 12:00:00,1388085.7009869083
2023-01-05 13:00:00,1388533.8196166614
2023-01-05 14:00:00,1387236.7677382461
2023-01-05 15:00:00,1386730.299756234
2023-01-05 16:00:00,1391060.167013087
2023-01-05 17:00:00,1391718.8718578822
2023-01-05 18:00:00,1389905.6209914933
2023-01-05 19:00:00,1390952.5161551822
2023-01-05 20:00:00,1392649.6401440147
2023-01-05 21:00:00,1393471.9142358964
2023-01-05 22:00:00,1392698.1686881748
2023-01-05 23:00:00,1391598.5288439218
2023-01-06 00:00:00,1391051.4206732097
2023-01-06 01:00:00,1393465.5651067009
2023-01-06 02:00:00,1390492.0828174548
2023-01-06 03:00:00,1391015.9928538878
2023-01-06 04:00:00,1389634.6315352658
2023-01-06 05:00:00,1389755.0167666147
2023-01-06 06:00:00,1389658.5500028399
2023-01-06 07:00:00,1388561.1785853368
2023-01-06 08:00:00,1387894.3969333654
2023-01-06 09:00:00,1389174.2947824223
2023-01-06 10:00:00,1389015.3538818008
2023-01-06 11:00:00,1387562.9789850127
2023-01-06 12:00:00,1385032.5143071255
2023-01-06 13:00:00,1384223.2306789448
2023-01-06 14:00:00,1386267.836447757
2023-01-06 15:00:00,1384608.2210308597
2023-01-06 16:00:00,1385919.5907633496
2023-01-06 17:00:00,1387143.151822162
2023-01-06 18:00:00,1383540.4651740312
2023-01-06 19:00:00,1385851.3209033802
2023-01-06 20:00:00,1395823.8876197115
2023-01-06 21:00:00,1389487.5997943478
2023-01-06 22:00:00,1392872.8700719806
2023-01-06 23:00:00,1395715.5207488697
2023-01-07 00:00:00,1395126.5691211564
2023-01-07 01:00:00,1396488.1378754475
2023-01-07 02:00:00,1395023.1367929897
2023-01-07 03:00:00,1394485.630734455
2023-01-07 04:00:00,1394863.75629273
2023-01-07 05:00:00,1394003.266020116
2023-01-07 06:00:00,1393888.8682493065
2023-01-07 07:00:00,1393527.9864905826
2023-01-07 08:00:00,1394846.077652218
2023-01-07 09:00:00,1393667.9841608037
2023-01-07 10:00:00,1393273.1773820445
2023-01-07 11:00:00,1392802.3660950102
2023-01-07 12:00:00,1392666.7479033454
2023-01-07 13:00:00,1392251.7127828682
2023-01-07 14:00:00,1392656.4687584704
2023-01-07 15:00:00,1393655.5626173648
2023-01-07 16:00:00,1394240.1420937183
2023-01-07 17:00:00,1392859.9371185158
2023-01-07 18:00:00,1393650.8638175998
2023-01-07 19:00:00,1393750.9215623876
2023-01-07 20:00:00,1394127.889469474
2023-01-07 21:00:00,1393878.006614415
2023-01-07 22:00:00,1393990.0752153327
2023-01-07 23:00:00,1394107.235621996
2023-01-08 00:00:00,1394723.2825374997
2023-01-08 01:00:00,1393323.746315177
2023-01-08 02:00:00,1393429.621367248
2023-01-08 03:00:00,1393715.712855484
2023-01-08 04:00:00,1394884.6125454141
2023-01-08 05:00:00,1394028.4052093036
2023-01-08 06:00:00,1393604.5603280978
2023-01-08 07:00:00,1395027.6293219074
2023-01-08 08:00:00,1395487.8236497187
2023-01-08 09:00:00,1395046.347551726
2023-01-08 10:00:00,1395714.8330668788
2023-01-08 11:00:00,1394297.087991076
2023-01-08 12:00:00,1394333.1830410704
2023-01-08 13:00:00,1392978.2709986053
2023-01-08 14:00:00,1393716.6598330976
2023-01-08 15:00:00,1395178.0583830331
2023-01-08 16:00:00,1396524.3624073002
2023-01-08 17:00:00,1393533.5740689717
2023-01-08 18:00:00,1393340.6368116005
2023-01-08 19:00:00,1393138.610616079
2023-01-08 20:00:00,1393644.3239335234
2023-01-08 21:00:00,1396394.364347079
2023-01-08 22:00:00,1395284.0294823267
2023-01-08 23:00:00,1397371.1047572233
2023-01-09 00:00:00,1404794.0897564783
2023-01-09 01:00:00,1410011.3328983411
2023-01-09 02:00:00,1414743.838923904
2023-01-09 03:00:00,1415377.8087087958
2023-01-09 04:00:00,1417030.932296155
2023-01-09 05:00:00,1418751.6384194435
2023-01-09 06:00:00,1416345.1292349268
2023-01-09 07:00:00,1416126.9117722795
2023-01-09 08:00:00,1418040.623423833
2023-01-09 09:00:00,1415626.417688579
2023-01-09 10:00:00,1419690.4749583958
2023-01-09 11:00:00,1422378.25408649
2023-01-09 12:00:00,1420937.2971616443
2023-01-09 13:00:00,1421550.9577781213
2023-01-09 14:00:00,1417410.2330485228
2023-01-09 15:00:00,1418749.822867528
2023-01-09 16:00:00,1421659.8115020453
2023-01-09 17:00:00,1423885.8368068782
2023-01-09 18:00:00,1425681.7723103762
2023-01-09 19:00:00,1426096.0721321965
2023-01-09 20:00:00,1423823.05811133
2023-01-09 21:00:00,1412878.2745034434
2023-01-09 22:00:00,1412272.392837179
2023-01-09 23:00:00,1414504.9065055836
